id,price_m2,tiempo,pobtot,p_0a2,p_60ymas,prom_hnv,graproes,graproes_f,pocupada,pocupada_f,pder_ss,vivtot,tvivhab,tvivpar,vivpar_hab,vivpar_ut,prom_ocup,vph_2ymasd,vph_autom,vph_pc,vph_inter,pct_0a2,pct_60,pct_wf,pct_t_inhab_hh,pct_privhh,pct_privhh_inhab,pct_hhtemp,pct_hh_car,pct_hh_pc,pct_hh_int
01400010011010,38700.17815144436,2010.0,606.0,22.0,59.0,0.99,14.49,14.11,327.0,154.0,440.0,289.0,,,,,2.5,156.0,163.0,182.0,163.0,3.630363036303631,9.735973597359736,47.094801223241596,,,,,56.401384083044974,62.975778546712796,56.401384083044974
01400010011010,38700.17815144436,2020.0,733.0,15.0,110.0,1.06,14.91,14.63,497.0,235.0,619.0,338.0,311.0,302.0,275.0,5.0,2.36,217.0,224.0,279.0,297.0,2.046384720327422,15.006821282401091,47.283702213279675,92.01183431952663,89.3491124260355,81.36094674556213,1.4792899408284024,66.27218934911244,82.54437869822485,87.8698224852071
01400010011013,28922.651933701658,2010.0,298.0,7.0,43.0,1.16,13.56,13.09,159.0,73.0,219.0,149.0,,,,,2.38,66.0,74.0,85.0,78.0,2.348993288590604,14.429530201342285,45.911949685534594,,,,,49.664429530201346,57.04697986577181,52.34899328859061
01400010011013,28922.651933701658,2020.0,300.0,4.0,71.0,0.99,14.25,14.15,195.0,96.0,254.0,149.0,127.0,134.0,112.0,,2.36,70.0,70.0,110.0,112.0,1.3333333333333337,23.66666666666667,49.230769230769226,85.23489932885906,89.93288590604027,75.16778523489933,,46.97986577181208,73.8255033557047,75.16778523489933
01400010011014,37155.963302752294,2010.0,263.0,16.0,25.0,1.31,13.62,13.04,125.0,57.0,183.0,125.0,,,,,2.69,55.0,54.0,65.0,59.0,6.083650190114068,9.505703422053232,45.6,,,,,43.2,52.0,47.2
01400010011014,37155.963302752294,2020.0,308.0,7.0,42.0,1.2,13.66,13.68,178.0,88.0,246.0,124.0,108.0,99.0,83.0,,2.85,83.0,69.0,94.0,95.0,2.272727272727273,13.636363636363635,49.43820224719101,87.09677419354837,79.83870967741935,66.93548387096774,,55.645161290322584,75.80645161290323,76.61290322580646
01400010026013,28277.634961439588,2010.0,412.0,13.0,38.0,1.11,13.95,13.57,220.0,108.0,267.0,184.0,,,,,2.5,79.0,77.0,115.0,101.0,3.155339805825242,9.223300970873787,49.09090909090909,,,,,41.84782608695652,62.5,54.89130434782609
01400010026013,28277.634961439588,2020.0,487.0,7.0,79.0,0.92,15.17,15.01,329.0,153.0,369.0,257.0,219.0,256.0,218.0,20.0,2.22,124.0,98.0,177.0,202.0,1.4373716632443532,16.2217659137577,46.50455927051672,85.21400778210115,99.61089494163423,84.8249027237354,7.782101167315174,38.13229571984436,68.8715953307393,78.59922178988327
01400010030008,28092.78350515464,2010.0,262.0,4.0,52.0,1.6,11.96,11.39,127.0,63.0,199.0,94.0,,,,,3.01,52.0,40.0,48.0,44.0,1.5267175572519085,19.84732824427481,49.60629921259843,,,,,42.5531914893617,51.06382978723404,46.80851063829788
01400010030008,28092.78350515464,2020.0,214.0,7.0,49.0,1.38,12.89,12.25,127.0,60.0,175.0,67.0,61.0,67.0,61.0,,3.51,42.0,31.0,46.0,55.0,3.2710280373831773,22.897196261682247,47.24409448818897,91.04477611940298,100.0,91.04477611940298,,46.2686567164179,68.65671641791045,82.08955223880598
01400010030020,56640.625,2010.0,261.0,10.0,45.0,1.19,12.83,12.99,126.0,68.0,191.0,104.0,,,,,2.93,49.0,58.0,60.0,55.0,3.8314176245210727,17.24137931034483,53.96825396825397,,,,,55.769230769230774,57.69230769230769,52.884615384615394
01400010030020,56640.625,2020.0,183.0,,44.0,1.03,14.7,14.64,140.0,68.0,140.0,103.0,93.0,99.0,89.0,,1.97,45.0,54.0,68.0,79.0,,24.043715846994534,48.57142857142857,90.29126213592234,96.11650485436894,86.40776699029125,,52.42718446601942,66.01941747572816,76.6990291262136
01400010045001,34260.85526315789,2010.0,619.0,14.0,93.0,1.37,13.87,13.7,250.0,131.0,427.0,250.0,,,,,2.74,138.0,144.0,153.0,143.0,2.2617124394184165,15.024232633279484,52.40000000000001,,,,,57.6,61.2,57.2
01400010045001,34260.85526315789,2020.0,882.0,19.0,162.0,1.02,15.37,15.0,577.0,284.0,728.0,445.0,368.0,384.0,307.0,16.0,2.4,271.0,285.0,338.0,354.0,2.1541950113378685,18.367346938775512,49.220103986135186,82.69662921348312,86.29213483146067,68.98876404494382,3.5955056179775284,64.04494382022472,75.95505617977528,79.5505617977528
01400010045006,45405.40540540541,2010.0,461.0,5.0,47.0,1.12,14.28,13.65,171.0,86.0,237.0,180.0,,,,,2.85,88.0,89.0,95.0,95.0,1.084598698481562,10.19522776572668,50.29239766081871,,,,,49.444444444444436,52.77777777777778,52.77777777777778
01400010045006,45405.40540540541,2020.0,331.0,5.0,68.0,1.09,15.51,14.78,201.0,102.0,266.0,161.0,129.0,161.0,129.0,9.0,2.57,125.0,109.0,118.0,123.0,1.5105740181268883,20.543806646525677,50.746268656716424,80.12422360248445,100.0,80.12422360248445,5.590062111801243,67.70186335403726,73.29192546583852,76.39751552795029
0140001005A001,42788.57346780977,2010.0,712.0,16.0,112.0,1.19,14.19,13.69,387.0,212.0,493.0,367.0,,,,,2.29,169.0,184.0,223.0,200.0,2.247191011235955,15.730337078651687,54.78036175710594,,,,,50.136239782016354,60.76294277929154,54.49591280653953
0140001005A001,42788.57346780977,2020.0,943.0,35.0,159.0,0.97,14.95,14.54,608.0,303.0,780.0,487.0,391.0,461.0,365.0,43.0,2.41,219.0,270.0,342.0,363.0,3.711558854718982,16.861081654294807,49.83552631578947,80.28747433264888,94.66119096509242,74.94866529774127,8.829568788501025,55.44147843942506,70.2258726899384,74.53798767967145
0140001005A006,35585.585585585584,2010.0,70.0,3.0,11.0,0.87,13.21,13.21,36.0,17.0,46.0,41.0,,,,,2.0,20.0,18.0,22.0,20.0,4.285714285714286,15.714285714285715,47.22222222222222,,,,,43.90243902439025,53.65853658536586,48.78048780487804
0140001005A006,35585.585585585584,2020.0,90.0,4.0,12.0,0.98,15.89,15.41,58.0,28.0,77.0,42.0,37.0,18.0,13.0,0.0,2.43,26.0,24.0,31.0,34.0,4.4444444444444455,13.333333333333336,48.27586206896552,88.09523809523809,42.857142857142854,30.952380952380953,0.0,57.14285714285714,73.80952380952381,80.95238095238095
0140001005A016,36144.57831325301,2010.0,302.0,10.0,50.0,1.31,13.98,12.91,138.0,64.0,170.0,126.0,,,,,2.8,61.0,59.0,68.0,62.0,3.3112582781456954,16.556291390728482,46.3768115942029,,,,,46.82539682539682,53.96825396825397,49.2063492063492
0140001005A016,36144.57831325301,2020.0,284.0,4.0,59.0,1.15,14.66,13.82,180.0,81.0,215.0,126.0,113.0,96.0,83.0,0.0,2.51,74.0,73.0,96.0,106.0,1.4084507042253522,20.774647887323944,45.0,89.6825396825397,76.19047619047619,65.87301587301587,0.0,57.936507936507944,76.19047619047619,84.12698412698413
01400010079002,21282.05128205128,2010.0,271.0,8.0,44.0,1.37,13.74,13.23,140.0,65.0,163.0,112.0,,,,,2.74,78.0,58.0,71.0,66.0,2.9520295202952034,16.236162361623617,46.42857142857143,,,,,51.78571428571429,63.39285714285714,58.92857142857143
01400010079002,21282.05128205128,2020.0,289.0,5.0,71.0,1.13,14.14,14.15,175.0,86.0,197.0,114.0,107.0,112.0,105.0,,2.7,76.0,58.0,86.0,96.0,1.7301038062283738,24.567474048442907,49.14285714285714,93.85964912280701,98.24561403508771,92.10526315789473,,50.877192982456144,75.43859649122807,84.21052631578947
01400010079025,55921.05263157895,2010.0,305.0,7.0,57.0,1.12,13.37,12.87,160.0,76.0,218.0,137.0,,,,,2.5,81.0,75.0,94.0,85.0,2.295081967213114,18.688524590163933,47.5,,,,,54.74452554744526,68.61313868613139,62.04379562043797
01400010079025,55921.05263157895,2020.0,381.0,6.0,64.0,1.01,15.09,14.92,264.0,128.0,314.0,211.0,173.0,211.0,173.0,29.0,2.2,122.0,105.0,150.0,158.0,1.574803149606299,16.797900262467188,48.48484848484848,81.99052132701422,100.0,81.99052132701422,13.744075829383887,49.76303317535545,71.09004739336494,74.88151658767772
01400010098001,37500.0,2010.0,182.0,4.0,43.0,1.11,13.45,12.77,91.0,47.0,108.0,73.0,,,,,2.75,47.0,51.0,50.0,44.0,2.1978021978021984,23.626373626373624,51.64835164835166,,,,,69.86301369863014,68.49315068493149,60.273972602739725
01400010098001,37500.0,2020.0,205.0,6.0,54.0,1.05,14.56,14.17,124.0,63.0,143.0,86.0,76.0,82.0,72.0,,2.7,58.0,55.0,62.0,69.0,2.9268292682926838,26.34146341463415,50.806451612903224,88.3720930232558,95.34883720930232,83.72093023255816,,63.95348837209303,72.09302325581395,80.23255813953489
01400010098013,28949.27536231884,2010.0,323.0,8.0,35.0,1.3,13.25,12.56,173.0,76.0,247.0,123.0,,,,,2.86,96.0,80.0,85.0,84.0,2.476780185758514,10.835913312693501,43.930635838150295,,,,,65.04065040650406,69.10569105691057,68.29268292682927
01400010098013,28949.27536231884,2020.0,358.0,9.0,51.0,0.92,15.51,15.43,254.0,143.0,293.0,179.0,158.0,166.0,145.0,7.0,2.27,137.0,108.0,138.0,147.0,2.5139664804469275,14.24581005586592,56.29921259842521,88.26815642458101,92.73743016759776,81.00558659217876,3.910614525139665,60.33519553072626,77.09497206703911,82.12290502793294
01400010098015,37500.0,2010.0,103.0,5.0,7.0,1.51,12.48,11.57,56.0,25.0,71.0,40.0,,,,,2.7,26.0,18.0,25.0,22.0,4.854368932038835,6.7961165048543695,44.64285714285715,,,,,45.0,62.5,55.00000000000001
01400010098015,37500.0,2020.0,87.0,,13.0,1.24,13.92,13.56,62.0,34.0,61.0,37.0,35.0,35.0,33.0,,2.49,25.0,17.0,30.0,32.0,,14.942528735632186,54.838709677419345,94.5945945945946,94.5945945945946,89.18918918918921,,45.94594594594595,81.08108108108108,86.4864864864865
01400010100003,37061.3305247786,,,,,,,,,,,,,,,,,,,,,,,,,,,,,,
01400010115002,50000.0,2010.0,488.0,21.0,66.0,1.25,12.47,11.93,246.0,116.0,303.0,192.0,,,,,2.88,113.0,96.0,103.0,89.0,4.30327868852459,13.524590163934429,47.15447154471545,,,,,50.0,53.64583333333334,46.35416666666667
01400010115002,50000.0,2020.0,536.0,11.0,82.0,1.08,13.83,13.23,303.0,143.0,390.0,208.0,199.0,188.0,179.0,0.0,2.69,155.0,108.0,162.0,181.0,2.0522388059701493,15.298507462686567,47.1947194719472,95.67307692307692,90.3846153846154,86.05769230769229,0.0,51.92307692307693,77.88461538461539,87.01923076923076
01400010115007,35268.22021158929,2010.0,572.0,26.0,59.0,1.18,14.55,14.04,334.0,157.0,475.0,283.0,,,,,2.37,185.0,180.0,187.0,164.0,4.545454545454546,10.314685314685317,47.00598802395209,,,,,63.60424028268551,66.07773851590106,57.95053003533568
01400010115007,35268.22021158929,2020.0,645.0,12.0,74.0,1.04,14.3,13.99,434.0,214.0,529.0,304.0,271.0,290.0,257.0,,2.38,158.0,170.0,232.0,252.0,1.8604651162790695,11.472868217054264,49.308755760368655,89.14473684210527,95.39473684210527,84.53947368421053,,55.92105263157895,76.31578947368422,82.89473684210526
0140001012A012,21774.1935483871,2010.0,234.0,6.0,44.0,1.56,12.58,12.05,103.0,54.0,156.0,90.0,,,,,2.79,40.0,31.0,45.0,38.0,2.564102564102564,18.803418803418804,52.42718446601942,,,,,34.44444444444444,50.0,42.22222222222222
0140001012A012,21774.1935483871,2020.0,321.0,8.0,55.0,1.05,14.73,14.32,209.0,107.0,249.0,141.0,133.0,136.0,128.0,,2.41,90.0,83.0,117.0,129.0,2.4922118380062304,17.133956386292837,51.196172248803826,94.32624113475178,96.45390070921984,90.78014184397163,,58.86524822695035,82.97872340425532,91.48936170212765
01400010153006,18076.593885417416,2010.0,136.0,,19.0,1.5,11.93,11.5,69.0,32.0,91.0,56.0,,,,,2.95,24.0,20.0,24.0,19.0,,13.970588235294118,46.3768115942029,,,,,35.714285714285715,42.857142857142854,33.92857142857143
01400010153006,18076.593885417416,2020.0,142.0,6.0,31.0,1.38,12.82,12.36,81.0,38.0,111.0,60.0,56.0,60.0,56.0,3.0,2.54,35.0,28.0,32.0,44.0,4.225352112676056,21.83098591549296,46.913580246913575,93.33333333333331,100.0,93.33333333333331,5.0,46.66666666666666,53.33333333333334,73.33333333333333
01400010153009,15109.89010989011,2010.0,128.0,3.0,23.0,2.0,10.85,10.8,55.0,23.0,79.0,40.0,,,,,3.61,19.0,17.0,15.0,13.0,2.34375,17.96875,41.81818181818181,,,,,42.5,37.5,32.5
01400010153009,15109.89010989011,2020.0,126.0,3.0,28.0,1.75,12.87,12.55,66.0,31.0,93.0,39.0,36.0,39.0,36.0,0.0,3.5,25.0,18.0,31.0,29.0,2.380952380952381,22.222222222222218,46.96969696969697,92.30769230769229,100.0,92.30769230769229,0.0,46.153846153846146,79.48717948717949,74.35897435897436
01400010172009,25161.290322580644,2010.0,160.0,7.0,18.0,1.15,14.12,13.87,84.0,42.0,111.0,65.0,,,,,2.54,33.0,48.0,46.0,39.0,4.375,11.25,50.0,,,,,73.84615384615384,70.76923076923076,60.0
01400010172009,25161.290322580644,2020.0,123.0,,33.0,1.4,14.29,13.82,71.0,36.0,89.0,61.0,57.0,61.0,57.0,0.0,2.16,27.0,47.0,53.0,54.0,,26.82926829268293,50.70422535211267,93.44262295081968,100.0,93.44262295081968,0.0,77.04918032786884,86.88524590163935,88.52459016393442
01400010187003,37837.83783783784,2010.0,198.0,,44.0,1.2,13.4,13.03,95.0,51.0,120.0,60.0,,,,,3.25,40.0,41.0,40.0,36.0,,22.222222222222218,53.68421052631579,,,,,68.33333333333333,66.66666666666666,60.0
01400010187003,37837.83783783784,2020.0,191.0,4.0,45.0,1.04,14.19,13.68,111.0,58.0,136.0,78.0,69.0,76.0,67.0,0.0,2.63,62.0,42.0,50.0,61.0,2.094240837696335,23.560209424083773,52.252252252252255,88.46153846153845,97.43589743589745,85.8974358974359,0.0,53.846153846153854,64.1025641025641,78.2051282051282
01400010191005,38787.878787878784,2010.0,389.0,11.0,70.0,1.03,14.29,13.89,229.0,110.0,306.0,205.0,,,,,2.25,101.0,146.0,138.0,133.0,2.8277634961439593,17.994858611825194,48.03493449781659,,,,,71.21951219512195,67.31707317073172,64.87804878048779
01400010191005,38787.878787878784,2020.0,421.0,5.0,72.0,0.83,14.92,14.73,253.0,119.0,357.0,232.0,184.0,231.0,183.0,20.0,2.24,123.0,144.0,170.0,173.0,1.187648456057007,17.102137767220906,47.03557312252965,79.3103448275862,99.56896551724138,78.8793103448276,8.620689655172415,62.06896551724138,73.27586206896551,74.56896551724137
01400010191008,33603.23886639676,2010.0,208.0,6.0,32.0,1.21,14.24,13.85,111.0,53.0,169.0,103.0,,,,,2.45,59.0,50.0,65.0,56.0,2.8846153846153846,15.384615384615385,47.747747747747745,,,,,48.54368932038835,63.10679611650486,54.368932038834956
01400010191008,33603.23886639676,2020.0,215.0,3.0,44.0,0.91,15.06,15.01,153.0,82.0,177.0,109.0,100.0,98.0,89.0,0.0,2.15,60.0,57.0,87.0,97.0,1.3953488372093024,20.46511627906977,53.594771241830074,91.74311926605505,89.90825688073393,81.65137614678899,0.0,52.29357798165138,79.81651376146789,88.9908256880734
01400010204009,52964.01515151515,2010.0,159.0,3.0,46.0,1.28,14.0,13.22,93.0,42.0,123.0,76.0,,,,,2.52,43.0,56.0,55.0,54.0,1.8867924528301887,28.93081761006289,45.16129032258064,,,,,73.68421052631578,72.36842105263158,71.05263157894737
01400010204009,52964.01515151515,2020.0,259.0,5.0,50.0,0.93,15.65,15.34,180.0,95.0,238.0,126.0,119.0,109.0,102.0,0.0,2.18,83.0,101.0,106.0,108.0,1.9305019305019304,19.305019305019304,52.77777777777778,94.44444444444444,86.50793650793649,80.95238095238095,0.0,80.15873015873018,84.12698412698413,85.71428571428571
01400010204013,45722.71386430678,2010.0,264.0,8.0,36.0,1.06,14.9,14.51,158.0,80.0,189.0,125.0,,,,,2.25,61.0,87.0,95.0,93.0,3.0303030303030303,13.636363636363635,50.63291139240506,,,,,69.6,76.0,74.4
01400010204013,45722.71386430678,2020.0,263.0,4.0,39.0,0.9,14.99,14.74,172.0,87.0,207.0,124.0,112.0,106.0,94.0,3.0,2.35,74.0,76.0,101.0,110.0,1.520912547528517,14.828897338403038,50.58139534883721,90.32258064516128,85.48387096774194,75.80645161290323,2.419354838709677,61.29032258064516,81.45161290322581,88.70967741935482
01400010219001,41666.666666666664,,,,,,,,,,,,,,,,,,,,,,,,,,,,,,
01400010238003,39695.804195804194,2010.0,415.0,6.0,79.0,0.99,13.69,13.2,234.0,139.0,272.0,169.0,,,,,2.62,103.0,116.0,121.0,119.0,1.4457831325301205,19.03614457831325,59.401709401709404,,,,,68.63905325443787,71.59763313609467,70.41420118343196
01400010238003,39695.804195804194,2020.0,408.0,7.0,117.0,0.81,14.5,14.06,255.0,149.0,271.0,204.0,163.0,196.0,155.0,11.0,2.2,118.0,114.0,139.0,154.0,1.715686274509804,28.676470588235286,58.43137254901961,79.90196078431373,96.07843137254902,75.98039215686273,5.3921568627450975,55.88235294117647,68.13725490196079,75.49019607843138
01400010242011,46250.0,2010.0,193.0,4.0,29.0,1.11,13.13,12.74,78.0,43.0,113.0,74.0,,,,,2.65,26.0,29.0,36.0,32.0,2.0725388601036268,15.025906735751295,55.12820512820514,,,,,39.189189189189186,48.64864864864865,43.24324324324325
01400010242011,46250.0,2020.0,179.0,7.0,31.0,0.77,14.69,14.43,104.0,51.0,121.0,81.0,69.0,77.0,65.0,0.0,2.51,36.0,37.0,60.0,62.0,3.910614525139665,17.318435754189945,49.03846153846153,85.18518518518519,95.06172839506172,80.24691358024691,0.0,45.679012345679006,74.07407407407408,76.5432098765432
01400010242012,37254.901960784315,2010.0,91.0,5.0,7.0,0.89,14.9,14.63,39.0,17.0,59.0,64.0,,,,,2.35,18.0,24.0,26.0,26.0,5.494505494505495,7.6923076923076925,43.5897435897436,,,,,37.5,40.625,40.625
01400010242012,37254.901960784315,2020.0,262.0,7.0,26.0,0.62,15.83,15.71,197.0,100.0,222.0,138.0,119.0,116.0,97.0,,2.2,63.0,90.0,110.0,116.0,2.6717557251908395,9.923664122137405,50.76142131979695,86.23188405797102,84.05797101449275,70.28985507246377,,65.21739130434783,79.71014492753623,84.05797101449275
01400010242013,42079.207920792076,2010.0,161.0,3.0,24.0,1.31,14.29,14.3,99.0,43.0,110.0,74.0,,,,,2.47,49.0,44.0,51.0,47.0,1.8633540372670807,14.906832298136644,43.43434343434343,,,,,59.45945945945946,68.91891891891892,63.51351351351351
01400010242013,42079.207920792076,2020.0,192.0,,27.0,0.81,15.29,15.24,137.0,62.0,144.0,109.0,82.0,105.0,78.0,,2.34,56.0,57.0,73.0,81.0,,14.0625,45.25547445255474,75.22935779816514,96.3302752293578,71.55963302752293,,52.29357798165138,66.97247706422019,74.31192660550458
01400010257008,48417.72151898734,2010.0,807.0,37.0,105.0,1.21,13.75,13.3,503.0,257.0,584.0,370.0,,,,,2.39,159.0,176.0,248.0,210.0,4.584882280049567,13.011152416356875,51.0934393638171,,,,,47.567567567567565,67.02702702702703,56.75675675675675
01400010257008,48417.72151898734,2020.0,711.0,10.0,136.0,1.04,14.24,13.8,487.0,239.0,556.0,381.0,321.0,373.0,313.0,28.0,2.21,167.0,138.0,259.0,282.0,1.4064697609001406,19.12798874824191,49.07597535934292,84.25196850393702,97.9002624671916,82.1522309711286,7.349081364829396,36.22047244094488,67.97900262467192,74.01574803149607
01400010257010,47349.4370400137,2010.0,326.0,11.0,52.0,1.26,13.89,13.26,160.0,78.0,213.0,137.0,,,,,2.71,61.0,60.0,86.0,67.0,3.3742331288343568,15.950920245398773,48.75,,,,,43.79562043795621,62.77372262773723,48.90510948905111
01400010257010,47349.4370400137,2020.0,382.0,10.0,70.0,1.01,14.94,14.72,248.0,130.0,260.0,192.0,158.0,183.0,149.0,0.0,2.42,130.0,92.0,139.0,151.0,2.6178010471204187,18.32460732984293,52.41935483870967,82.29166666666666,95.3125,77.60416666666666,0.0,47.91666666666667,72.39583333333334,78.64583333333334
01400010257029,48048.04804804805,2010.0,261.0,5.0,43.0,1.41,13.07,12.7,100.0,52.0,155.0,102.0,,,,,2.87,51.0,47.0,50.0,48.0,1.9157088122605364,16.475095785440608,52.0,,,,,46.07843137254902,49.01960784313725,47.058823529411754
01400010257029,48048.04804804805,2020.0,259.0,4.0,78.0,1.11,14.25,13.99,151.0,83.0,200.0,120.0,102.0,111.0,93.0,0.0,2.34,64.0,59.0,80.0,87.0,1.5444015444015444,30.11583011583012,54.966887417218544,85.0,92.5,77.5,0.0,49.16666666666666,66.66666666666666,72.5
01400010261001,31471.135940409684,2010.0,479.0,13.0,88.0,1.29,13.46,12.87,227.0,118.0,293.0,283.0,,,,,2.37,108.0,114.0,139.0,116.0,2.7139874739039667,18.37160751565762,51.98237885462555,,,,,40.28268551236749,49.1166077738516,40.98939929328622
01400010261001,31471.135940409684,2020.0,583.0,10.0,128.0,1.16,14.8,14.43,484.0,263.0,472.0,310.0,254.0,301.0,245.0,8.0,2.3,149.0,184.0,229.0,244.0,1.7152658662092626,21.955403087478558,54.33884297520661,81.93548387096773,97.09677419354837,79.03225806451613,2.5806451612903225,59.354838709677416,73.87096774193549,78.70967741935483
01400010261006,23584.905660377357,2010.0,383.0,3.0,69.0,1.35,13.61,13.02,188.0,87.0,282.0,146.0,,,,,3.04,95.0,94.0,93.0,84.0,0.7832898172323759,18.01566579634465,46.276595744680854,,,,,64.38356164383562,63.698630136986296,57.534246575342465
01400010261006,23584.905660377357,2020.0,384.0,11.0,104.0,1.18,14.75,14.39,245.0,120.0,328.0,186.0,147.0,185.0,146.0,3.0,2.61,138.0,117.0,128.0,141.0,2.864583333333333,27.08333333333333,48.979591836734684,79.03225806451613,99.46236559139786,78.49462365591397,1.6129032258064515,62.903225806451616,68.81720430107528,75.80645161290323
01400010276018,32658.227848101265,2010.0,141.0,3.0,22.0,1.44,13.53,12.61,72.0,30.0,108.0,46.0,,,,,3.07,39.0,37.0,34.0,31.0,2.127659574468085,15.602836879432626,41.66666666666667,,,,,80.43478260869566,73.91304347826086,67.3913043478261
01400010276018,32658.227848101265,2020.0,191.0,3.0,33.0,0.8,14.94,14.76,134.0,60.0,146.0,97.0,82.0,70.0,55.0,4.0,2.33,76.0,53.0,76.0,78.0,1.5706806282722512,17.277486910994767,44.77611940298507,84.5360824742268,72.16494845360825,56.70103092783504,4.123711340206185,54.639175257731964,78.35051546391753,80.41237113402062
01400010295002,13379.85,2010.0,104.0,3.0,25.0,1.55,10.65,10.51,44.0,21.0,71.0,37.0,,,,,3.15,15.0,13.0,15.0,12.0,2.8846153846153846,24.038461538461537,47.72727272727273,,,,,35.135135135135144,40.54054054054054,32.432432432432435
01400010295002,13379.85,2020.0,590.0,21.0,71.0,1.05,14.9,14.67,366.0,173.0,528.0,243.0,235.0,226.0,218.0,0.0,2.51,144.0,175.0,204.0,221.0,3.5593220338983054,12.033898305084744,47.26775956284153,96.70781893004116,93.00411522633743,89.71193415637859,0.0,72.0164609053498,83.95061728395059,90.94650205761316
01400010308007,31096.852994666864,2010.0,562.0,13.0,106.0,1.53,12.35,12.29,257.0,128.0,387.0,236.0,,,,,2.88,98.0,84.0,120.0,107.0,2.3131672597864767,18.861209964412808,49.805447470817114,,,,,35.593220338983045,50.847457627118644,45.33898305084746
01400010308007,31096.852994666864,2020.0,599.0,12.0,134.0,1.32,13.99,13.67,332.0,156.0,489.0,292.0,254.0,292.0,254.0,14.0,2.36,117.0,150.0,209.0,235.0,2.003338898163606,22.370617696160263,46.98795180722892,86.98630136986301,100.0,86.98630136986301,4.794520547945205,51.36986301369865,71.57534246575342,80.4794520547945
01400010312001,22368.42105263158,,,,,,,,,,,,,,,,,,,,,,,,,,,,,,
01400010327006,22968.197879858657,2010.0,112.0,4.0,26.0,1.45,12.99,12.72,44.0,26.0,81.0,37.0,,,,,3.33,26.0,22.0,20.0,18.0,3.571428571428571,23.214285714285715,59.09090909090909,,,,,59.45945945945946,54.05405405405406,48.64864864864865
01400010327006,22968.197879858657,2020.0,126.0,4.0,41.0,1.21,13.88,12.94,60.0,27.0,96.0,45.0,41.0,45.0,41.0,3.0,3.07,35.0,29.0,28.0,33.0,3.1746031746031744,32.53968253968254,45.0,91.11111111111113,100.0,91.11111111111113,6.666666666666668,64.44444444444444,62.22222222222222,73.33333333333333
01400010346005,65957.44680851063,2010.0,86.0,,14.0,1.18,13.05,12.81,41.0,19.0,60.0,33.0,,,,,3.07,19.0,18.0,19.0,19.0,,16.27906976744186,46.34146341463415,,,,,54.54545454545454,57.57575757575758,57.57575757575758
01400010346005,65957.44680851063,2020.0,103.0,4.0,20.0,1.2,14.45,14.02,67.0,30.0,76.0,42.0,38.0,36.0,32.0,,2.71,24.0,25.0,32.0,36.0,3.883495145631068,19.41747572815534,44.77611940298507,90.4761904761905,85.71428571428571,76.19047619047619,,59.523809523809526,76.19047619047619,85.71428571428571
01400010346010,42857.142857142855,2010.0,165.0,6.0,27.0,0.86,12.27,11.43,97.0,46.0,129.0,90.0,,,,,2.42,46.0,56.0,53.0,49.0,3.636363636363636,16.363636363636363,47.42268041237113,,,,,62.22222222222222,58.88888888888889,54.444444444444436
01400010346010,42857.142857142855,2020.0,197.0,5.0,31.0,0.92,15.38,15.31,127.0,65.0,168.0,81.0,76.0,78.0,73.0,,2.59,52.0,54.0,65.0,69.0,2.538071065989848,15.736040609137056,51.181102362204726,93.82716049382715,96.29629629629628,90.12345679012344,,66.66666666666666,80.24691358024691,85.18518518518519
01400010346015,49441.39194139194,2010.0,161.0,8.0,22.0,1.18,13.28,12.67,94.0,44.0,132.0,102.0,,,,,2.52,41.0,53.0,51.0,48.0,4.9689440993788825,13.664596273291925,46.80851063829788,,,,,51.9607843137255,50.0,47.058823529411754
01400010346015,49441.39194139194,2020.0,290.0,10.0,42.0,0.82,15.24,14.89,195.0,98.0,244.0,132.0,121.0,120.0,109.0,,2.4,86.0,88.0,108.0,114.0,3.4482758620689653,14.482758620689655,50.256410256410255,91.66666666666666,90.9090909090909,82.57575757575758,,66.66666666666666,81.81818181818183,86.36363636363636
01400010346017,34972.22222222222,2010.0,616.0,39.0,56.0,1.04,14.13,13.77,355.0,153.0,505.0,311.0,,,,,2.5,161.0,205.0,201.0,190.0,6.3311688311688314,9.090909090909092,43.09859154929577,,,,,65.91639871382637,64.63022508038586,61.09324758842443
01400010346017,34972.22222222222,2020.0,722.0,19.0,91.0,0.97,15.32,15.14,455.0,231.0,595.0,322.0,280.0,304.0,262.0,11.0,2.58,211.0,224.0,254.0,266.0,2.631578947368421,12.603878116343491,50.769230769230774,86.95652173913044,94.40993788819875,81.36645962732919,3.4161490683229814,69.56521739130434,78.88198757763976,82.6086956521739
01400010350023,26666.666666666668,2010.0,54.0,3.0,10.0,1.1,13.57,12.64,35.0,18.0,44.0,20.0,,,,,3.18,15.0,10.0,13.0,10.0,5.5555555555555545,18.51851851851852,51.42857142857142,,,,,50.0,65.0,50.0
01400010350023,26666.666666666668,2020.0,42.0,,10.0,0.83,15.56,15.7,28.0,16.0,31.0,18.0,17.0,18.0,17.0,0.0,2.47,14.0,9.0,14.0,16.0,,23.809523809523807,57.14285714285714,94.44444444444444,100.0,94.44444444444444,0.0,50.0,77.7777777777778,88.8888888888889
01400010350026,31978.41726618705,2010.0,410.0,14.0,57.0,1.4,14.35,13.74,234.0,108.0,342.0,180.0,,,,,2.55,117.0,121.0,141.0,130.0,3.414634146341464,13.902439024390244,46.153846153846146,,,,,67.22222222222223,78.33333333333333,72.2222222222222
01400010350026,31978.41726618705,2020.0,555.0,16.0,109.0,1.11,15.18,14.78,373.0,186.0,464.0,238.0,231.0,188.0,181.0,4.0,2.4,177.0,188.0,197.0,221.0,2.8828828828828827,19.63963963963964,49.86595174262735,97.05882352941177,78.99159663865547,76.05042016806722,1.680672268907563,78.99159663865547,82.77310924369748,92.85714285714286
01400010365003,40970.35040431267,2010.0,60.0,,16.0,1.21,11.89,11.5,25.0,11.0,34.0,23.0,,,,,3.35,14.0,10.0,14.0,9.0,,26.66666666666667,44.0,,,,,43.47826086956522,60.86956521739131,39.130434782608695
01400010365003,40970.35040431267,2020.0,82.0,,15.0,0.94,14.51,14.58,51.0,25.0,58.0,47.0,43.0,47.0,43.0,0.0,1.91,30.0,29.0,31.0,35.0,,18.29268292682927,49.01960784313725,91.48936170212765,100.0,91.48936170212765,0.0,61.70212765957447,65.95744680851064,74.46808510638297
01400010365016,33872.798630126825,2010.0,212.0,9.0,30.0,1.04,14.19,13.96,130.0,70.0,153.0,94.0,,,,,2.43,43.0,62.0,65.0,58.0,4.245283018867925,14.150943396226413,53.846153846153854,,,,,65.95744680851064,69.14893617021278,61.70212765957447
01400010365016,33872.798630126825,2020.0,277.0,4.0,51.0,0.87,13.8,13.48,177.0,84.0,221.0,133.0,129.0,129.0,125.0,0.0,2.12,85.0,101.0,121.0,124.0,1.444043321299639,18.4115523465704,47.45762711864407,96.9924812030075,96.9924812030075,93.98496240601506,0.0,75.93984962406014,90.97744360902256,93.23308270676694
01400010384008,66483.51648351649,2010.0,103.0,,14.0,1.73,14.06,13.62,58.0,27.0,58.0,46.0,,,,,2.51,25.0,30.0,30.0,26.0,,13.592233009708734,46.55172413793103,,,,,65.21739130434783,65.21739130434783,56.52173913043478
01400010384008,66483.51648351649,2020.0,176.0,3.0,32.0,1.23,15.89,15.54,115.0,54.0,143.0,82.0,82.0,54.0,54.0,0.0,2.15,50.0,55.0,71.0,75.0,1.7045454545454544,18.181818181818183,46.95652173913044,100.0,65.85365853658537,65.85365853658537,0.0,67.07317073170732,86.58536585365853,91.46341463414636
01400010384010,33846.153846153844,2010.0,153.0,7.0,13.0,1.05,15.07,14.46,94.0,42.0,125.0,71.0,,,,,2.63,40.0,51.0,49.0,46.0,4.575163398692809,8.49673202614379,44.680851063829785,,,,,71.83098591549296,69.01408450704226,64.7887323943662
01400010384010,33846.153846153844,2020.0,132.0,4.0,31.0,0.94,15.62,14.91,89.0,47.0,118.0,76.0,62.0,72.0,58.0,0.0,2.13,33.0,54.0,57.0,59.0,3.0303030303030303,23.484848484848484,52.80898876404493,81.57894736842105,94.73684210526315,76.31578947368422,0.0,71.05263157894737,75.0,77.63157894736842
01400010399002,37984.13855417113,2010.0,230.0,5.0,35.0,1.35,13.91,13.21,119.0,48.0,106.0,100.0,,,,,2.9,56.0,58.0,59.0,58.0,2.1739130434782608,15.217391304347828,40.33613445378151,,,,,57.99999999999999,59.0,57.99999999999999
01400010399002,37984.13855417113,2020.0,285.0,7.0,48.0,0.85,14.74,14.54,187.0,93.0,222.0,174.0,126.0,174.0,126.0,29.0,2.26,87.0,78.0,100.0,125.0,2.456140350877193,16.842105263157894,49.73262032085562,72.41379310344827,100.0,72.41379310344827,16.666666666666664,44.82758620689656,57.4712643678161,71.83908045977013
01400010399009,48461.53846153846,2010.0,415.0,9.0,53.0,1.34,14.42,13.7,203.0,115.0,260.0,175.0,,,,,2.86,94.0,108.0,105.0,103.0,2.1686746987951806,12.771084337349398,56.65024630541872,,,,,61.71428571428571,60.0,58.85714285714285
01400010399009,48461.53846153846,2020.0,544.0,20.0,98.0,1.14,15.25,14.87,315.0,161.0,439.0,253.0,201.0,217.0,165.0,13.0,2.71,159.0,161.0,187.0,198.0,3.6764705882352944,18.014705882352946,51.11111111111111,79.44664031620553,85.7707509881423,65.21739130434783,5.138339920948617,63.63636363636363,73.91304347826086,78.26086956521739
01400010399010,28434.065934065933,2010.0,148.0,,29.0,1.31,14.37,13.66,82.0,39.0,100.0,62.0,,,,,2.67,33.0,49.0,46.0,44.0,,19.594594594594593,47.5609756097561,,,,,79.03225806451613,74.19354838709677,70.96774193548387
01400010399010,28434.065934065933,2020.0,177.0,,62.0,1.29,15.38,14.99,109.0,49.0,146.0,89.0,77.0,89.0,77.0,0.0,2.3,43.0,61.0,68.0,74.0,,35.02824858757062,44.954128440366965,86.51685393258427,100.0,86.51685393258427,0.0,68.53932584269663,76.40449438202246,83.14606741573034
01400010401006,38866.396761133605,2010.0,409.0,10.0,70.0,1.37,14.08,13.65,213.0,114.0,290.0,172.0,,,,,2.77,95.0,105.0,109.0,104.0,2.444987775061125,17.114914425427873,53.521126760563384,,,,,61.04651162790697,63.37209302325582,60.465116279069754
01400010401006,38866.396761133605,2020.0,334.0,4.0,101.0,1.23,14.74,14.48,197.0,104.0,263.0,156.0,129.0,151.0,124.0,7.0,2.47,91.0,106.0,114.0,125.0,1.1976047904191618,30.239520958083833,52.791878172588845,82.69230769230771,96.79487179487178,79.48717948717949,4.487179487179487,67.94871794871796,73.07692307692307,80.12820512820514
01400010401008,42857.142857142855,2010.0,704.0,25.0,141.0,1.36,14.36,13.78,328.0,171.0,488.0,262.0,,,,,2.9,180.0,189.0,194.0,186.0,3.551136363636364,20.02840909090909,52.134146341463406,,,,,72.13740458015268,74.04580152671755,70.99236641221374
01400010401008,42857.142857142855,2020.0,506.0,9.0,111.0,1.0,14.96,14.71,320.0,152.0,420.0,224.0,195.0,155.0,126.0,6.0,2.59,154.0,155.0,174.0,186.0,1.7786561264822136,21.936758893280636,47.5,87.05357142857143,69.19642857142857,56.25,2.6785714285714284,69.19642857142857,77.67857142857143,83.03571428571429
01400010401010,36438.730727694674,2010.0,277.0,11.0,54.0,1.37,14.21,13.44,139.0,65.0,205.0,111.0,,,,,2.66,78.0,82.0,78.0,74.0,3.9711191335740073,19.494584837545126,46.762589928057544,,,,,73.87387387387388,70.27027027027027,66.66666666666666
01400010401010,36438.730727694674,2020.0,233.0,5.0,63.0,1.17,15.14,14.41,143.0,72.0,195.0,116.0,92.0,109.0,85.0,11.0,2.53,63.0,65.0,81.0,84.0,2.145922746781116,27.038626609442066,50.349650349650354,79.3103448275862,93.96551724137932,73.27586206896551,9.482758620689657,56.03448275862068,69.82758620689657,72.41379310344827
01400010401014,53216.27204830764,2010.0,366.0,10.0,57.0,1.26,14.15,13.5,183.0,85.0,279.0,162.0,,,,,2.67,90.0,110.0,102.0,98.0,2.7322404371584703,15.573770491803279,46.44808743169399,,,,,67.90123456790124,62.96296296296296,60.49382716049383
01400010401014,53216.27204830764,2020.0,461.0,14.0,98.0,1.04,15.36,15.09,312.0,153.0,404.0,234.0,191.0,224.0,181.0,6.0,2.41,135.0,157.0,164.0,179.0,3.0368763557483733,21.25813449023861,49.03846153846153,81.62393162393163,95.72649572649573,77.35042735042734,2.564102564102564,67.09401709401709,70.08547008547008,76.49572649572649
01400010420009,38031.914893617024,2010.0,392.0,15.0,55.0,1.44,13.62,13.0,211.0,94.0,273.0,174.0,,,,,2.49,78.0,76.0,115.0,108.0,3.826530612244898,14.030612244897958,44.54976303317535,,,,,43.678160919540225,66.0919540229885,62.06896551724138
01400010420009,38031.914893617024,2020.0,290.0,4.0,58.0,1.01,16.07,15.78,211.0,103.0,256.0,158.0,129.0,149.0,120.0,,2.25,93.0,80.0,122.0,125.0,1.3793103448275863,20.0,48.81516587677725,81.64556962025317,94.30379746835443,75.9493670886076,,50.63291139240506,77.21518987341773,79.11392405063293
01400010435005,32000.0,2010.0,302.0,4.0,54.0,1.41,13.93,13.33,139.0,72.0,210.0,122.0,,,,,2.77,73.0,79.0,81.0,71.0,1.3245033112582782,17.880794701986755,51.79856115107914,,,,,64.75409836065575,66.39344262295081,58.19672131147541
01400010435005,32000.0,2020.0,338.0,12.0,69.0,1.05,15.16,15.0,195.0,95.0,262.0,156.0,126.0,156.0,126.0,12.0,2.68,94.0,101.0,111.0,119.0,3.5502958579881656,20.414201183431953,48.71794871794872,80.76923076923076,100.0,80.76923076923076,7.6923076923076925,64.74358974358975,71.15384615384616,76.28205128205127
01400010435013,28333.333333333332,2010.0,423.0,17.0,67.0,1.33,14.21,13.78,194.0,95.0,290.0,191.0,,,,,2.65,106.0,103.0,112.0,104.0,4.018912529550828,15.839243498817966,48.96907216494846,,,,,53.92670157068062,58.63874345549738,54.45026178010471
01400010435013,28333.333333333332,2020.0,526.0,15.0,88.0,0.96,14.77,14.37,327.0,163.0,449.0,322.0,237.0,290.0,205.0,9.0,2.22,177.0,185.0,206.0,219.0,2.8517110266159698,16.730038022813687,49.84709480122324,73.60248447204971,90.06211180124224,63.664596273291934,2.7950310559006213,57.453416149068325,63.975155279503106,68.01242236024845
0140001044A002,33673.4693877551,2010.0,257.0,,55.0,1.55,14.22,13.48,122.0,48.0,165.0,96.0,,,,,2.99,66.0,58.0,62.0,63.0,,21.40077821011673,39.34426229508197,,,,,60.41666666666666,64.58333333333334,65.625
0140001044A002,33673.4693877551,2020.0,215.0,4.0,58.0,1.37,15.16,14.83,127.0,59.0,169.0,102.0,83.0,97.0,78.0,0.0,2.59,64.0,71.0,75.0,79.0,1.8604651162790695,26.976744186046513,46.45669291338583,81.37254901960785,95.09803921568628,76.47058823529412,0.0,69.60784313725489,73.52941176470588,77.45098039215686
0140001044A005,31016.238199486917,2010.0,140.0,,25.0,1.7,13.85,12.74,58.0,28.0,80.0,46.0,,,,,3.41,31.0,26.0,28.0,24.0,,17.857142857142858,48.27586206896552,,,,,56.52173913043478,60.86956521739131,52.17391304347826
0140001044A005,31016.238199486917,2020.0,121.0,3.0,21.0,1.0,14.63,13.85,85.0,38.0,96.0,48.0,44.0,45.0,41.0,,2.75,39.0,34.0,41.0,41.0,2.479338842975207,17.355371900826448,44.70588235294118,91.66666666666666,93.75,85.41666666666666,,70.83333333333334,85.41666666666666,85.41666666666666
01400010454004,34640.64432989691,2010.0,111.0,,28.0,1.5,13.07,12.84,53.0,28.0,68.0,47.0,,,,,2.51,34.0,25.0,33.0,27.0,,25.225225225225223,52.83018867924528,,,,,53.19148936170214,70.21276595744679,57.44680851063831
01400010454004,34640.64432989691,2020.0,174.0,7.0,36.0,1.06,13.83,13.89,114.0,60.0,126.0,81.0,75.0,81.0,75.0,,2.32,43.0,44.0,64.0,70.0,4.022988505747127,20.689655172413797,52.631578947368425,92.5925925925926,100.0,92.5925925925926,,54.320987654320994,79.01234567901234,86.41975308641976
01400010492001,29057.59162303665,2010.0,434.0,16.0,44.0,1.09,14.38,13.85,236.0,111.0,334.0,233.0,,,,,2.47,111.0,127.0,137.0,111.0,3.6866359447004617,10.138248847926267,47.033898305084755,,,,,54.506437768240346,58.79828326180258,47.63948497854077
01400010492001,29057.59162303665,2020.0,679.0,12.0,99.0,1.12,14.59,14.17,407.0,201.0,566.0,270.0,262.0,233.0,225.0,0.0,2.59,194.0,191.0,228.0,246.0,1.7673048600883652,14.580265095729015,49.38574938574938,97.03703703703705,86.29629629629629,83.33333333333334,0.0,70.74074074074073,84.44444444444444,91.11111111111113
01400010492007,21137.58389261745,2010.0,187.0,4.0,41.0,1.65,11.77,11.41,76.0,32.0,123.0,44.0,,,,,4.31,33.0,22.0,28.0,24.0,2.13903743315508,21.92513368983957,42.105263157894726,,,,,50.0,63.63636363636363,54.54545454545454
01400010492007,21137.58389261745,2020.0,201.0,4.0,50.0,1.48,13.02,12.49,85.0,35.0,150.0,69.0,66.0,69.0,66.0,,3.05,47.0,40.0,53.0,58.0,1.9900497512437807,24.875621890547265,41.17647058823529,95.65217391304348,100.0,95.65217391304348,,57.97101449275362,76.81159420289855,84.05797101449275
01400010505010,30000.0,2010.0,263.0,11.0,47.0,1.67,11.63,11.21,123.0,61.0,172.0,86.0,,,,,3.22,60.0,32.0,48.0,45.0,4.182509505703422,17.870722433460074,49.59349593495936,,,,,37.2093023255814,55.8139534883721,52.32558139534884
01400010505010,30000.0,2020.0,230.0,3.0,57.0,1.61,12.95,12.53,114.0,52.0,167.0,86.0,85.0,74.0,73.0,,2.71,68.0,49.0,69.0,75.0,1.3043478260869563,24.782608695652176,45.614035087719294,98.83720930232558,86.046511627907,84.88372093023256,,56.9767441860465,80.23255813953489,87.2093023255814
0140001051A013,33523.4899328859,2010.0,178.0,4.0,33.0,1.33,11.85,11.43,81.0,34.0,118.0,56.0,,,,,3.67,27.0,25.0,25.0,21.0,2.247191011235955,18.539325842696627,41.975308641975296,,,,,44.64285714285715,44.64285714285715,37.5
0140001051A013,33523.4899328859,2020.0,194.0,4.0,59.0,1.43,13.36,12.72,104.0,48.0,145.0,73.0,68.0,69.0,64.0,,2.85,41.0,42.0,53.0,60.0,2.061855670103093,30.412371134020614,46.153846153846146,93.15068493150685,94.52054794520548,87.67123287671231,,57.534246575342465,72.60273972602741,82.1917808219178
01400010524002,37588.65248226951,2010.0,182.0,3.0,44.0,1.61,11.91,12.0,67.0,31.0,105.0,55.0,,,,,3.58,28.0,23.0,26.0,20.0,1.6483516483516485,24.17582417582417,46.2686567164179,,,,,41.81818181818181,47.27272727272727,36.36363636363637
01400010524002,37588.65248226951,2020.0,154.0,3.0,39.0,1.54,12.95,12.87,68.0,35.0,104.0,61.0,53.0,61.0,53.0,5.0,2.91,40.0,27.0,36.0,47.0,1.9480519480519483,25.324675324675322,51.470588235294116,86.88524590163935,100.0,86.88524590163935,8.196721311475411,44.26229508196721,59.016393442622956,77.04918032786884
01400010524019,37588.65248226951,2010.0,121.0,5.0,15.0,1.68,10.72,10.48,52.0,23.0,81.0,39.0,,,,,3.78,18.0,15.0,12.0,9.0,4.132231404958678,12.396694214876034,44.230769230769226,,,,,38.46153846153847,30.76923076923077,23.07692307692308
01400010524019,37588.65248226951,2020.0,91.0,5.0,15.0,1.15,13.18,12.95,49.0,24.0,75.0,45.0,34.0,45.0,34.0,6.0,2.68,21.0,23.0,25.0,28.0,5.494505494505495,16.483516483516482,48.979591836734684,75.55555555555556,100.0,75.55555555555556,13.333333333333336,51.11111111111111,55.555555555555564,62.22222222222222
01400010562001,36986.30136986302,2010.0,135.0,5.0,12.0,1.21,14.47,13.97,46.0,18.0,70.0,49.0,,,,,3.0,21.0,26.0,21.0,21.0,3.7037037037037033,8.888888888888891,39.130434782608695,,,,,53.061224489795926,42.857142857142854,42.857142857142854
01400010562001,36986.30136986302,2020.0,207.0,5.0,37.0,0.82,15.09,14.85,142.0,67.0,184.0,91.0,87.0,62.0,58.0,0.0,2.38,59.0,78.0,83.0,85.0,2.415458937198068,17.874396135265698,47.1830985915493,95.6043956043956,68.13186813186813,63.73626373626372,0.0,85.71428571428571,91.2087912087912,93.4065934065934
01400010562003,41013.51351351351,2010.0,1284.0,34.0,229.0,1.55,13.65,13.35,690.0,329.0,966.0,549.0,,,,,2.71,313.0,339.0,373.0,326.0,2.64797507788162,17.834890965732086,47.68115942028985,,,,,61.748633879781416,67.94171220400729,59.38069216757741
01400010562003,41013.51351351351,2020.0,1318.0,32.0,246.0,1.09,14.59,14.45,840.0,399.0,1139.0,578.0,526.0,562.0,510.0,17.0,2.51,326.0,399.0,471.0,488.0,2.427921092564492,18.664643399089528,47.5,91.00346020761243,97.2318339100346,88.23529411764706,2.9411764705882346,69.03114186851211,81.48788927335642,84.42906574394462
01400010562004,36901.7686838911,2010.0,174.0,7.0,18.0,1.13,14.33,13.83,84.0,36.0,106.0,64.0,,,,,2.77,37.0,40.0,43.0,43.0,4.022988505747127,10.344827586206897,42.857142857142854,,,,,62.5,67.1875,67.1875
01400010562004,36901.7686838911,2020.0,156.0,,32.0,1.14,15.09,14.69,94.0,45.0,130.0,64.0,59.0,54.0,49.0,,2.64,44.0,46.0,50.0,56.0,,20.51282051282051,47.872340425531924,92.1875,84.375,76.5625,,71.875,78.125,87.5
01400010562005,24574.332258064514,2010.0,269.0,9.0,36.0,1.24,14.67,14.11,155.0,71.0,213.0,141.0,,,,,2.56,72.0,92.0,96.0,92.0,3.3457249070631967,13.382899628252787,45.806451612903224,,,,,65.24822695035462,68.08510638297872,65.24822695035462
01400010562005,24574.332258064514,2020.0,319.0,7.0,65.0,1.09,15.06,14.59,216.0,97.0,252.0,159.0,140.0,133.0,114.0,7.0,2.28,91.0,106.0,120.0,136.0,2.19435736677116,20.37617554858934,44.907407407407405,88.0503144654088,83.64779874213836,71.69811320754717,4.402515723270441,66.66666666666666,75.47169811320755,85.53459119496857
01400010562013,39800.0,2010.0,485.0,14.0,86.0,1.16,14.21,13.76,281.0,146.0,379.0,249.0,,,,,2.56,119.0,150.0,143.0,138.0,2.88659793814433,17.7319587628866,51.957295373665474,,,,,60.24096385542168,57.429718875502004,55.42168674698795
01400010562013,39800.0,2020.0,538.0,8.0,91.0,0.79,15.11,14.88,427.0,213.0,455.0,291.0,254.0,289.0,252.0,15.0,2.12,134.0,194.0,217.0,240.0,1.4869888475836432,16.91449814126394,49.88290398126464,87.2852233676976,99.31271477663229,86.59793814432992,5.154639175257731,66.66666666666666,74.57044673539521,82.4742268041237
01400010577001,40552.1978021978,2010.0,151.0,,25.0,1.36,14.8,14.0,88.0,40.0,107.0,69.0,,,,,2.47,43.0,50.0,51.0,45.0,,16.556291390728482,45.45454545454545,,,,,72.46376811594203,73.91304347826086,65.21739130434783
01400010577001,40552.1978021978,2020.0,229.0,7.0,39.0,1.27,15.18,15.11,157.0,70.0,189.0,120.0,96.0,116.0,92.0,4.0,2.39,70.0,80.0,88.0,95.0,3.056768558951965,17.030567685589517,44.5859872611465,80.0,96.66666666666669,76.66666666666667,3.333333333333333,66.66666666666666,73.33333333333333,79.16666666666666
01400010577021,39043.47826086957,2010.0,379.0,11.0,66.0,1.1,14.84,14.38,219.0,106.0,293.0,205.0,,,,,2.33,105.0,131.0,139.0,137.0,2.9023746701846966,17.41424802110818,48.40182648401826,,,,,63.90243902439025,67.8048780487805,66.82926829268294
01400010577021,39043.47826086957,2020.0,460.0,11.0,95.0,1.18,15.17,14.5,292.0,144.0,375.0,230.0,212.0,204.0,186.0,0.0,2.17,123.0,169.0,190.0,200.0,2.391304347826087,20.65217391304348,49.31506849315068,92.17391304347828,88.69565217391305,80.8695652173913,0.0,73.47826086956522,82.6086956521739,86.95652173913044
01400010581006,61055.27638190955,2010.0,5.0,,,,,,,,,3.0,,,,,,,,,,,,,,,,,,,
01400010581006,61055.27638190955,2020.0,10.0,0.0,0.0,1.67,15.14,15.33,4.0,,10.0,5.0,3.0,4.0,,0.0,3.33,,3.0,3.0,3.0,0.0,0.0,,60.0,80.0,,0.0,60.0,60.0,60.0
01400010581011,38409.71829658941,2010.0,68.0,0.0,12.0,1.5,13.29,12.52,34.0,14.0,35.0,28.0,,,,,3.58,16.0,18.0,17.0,17.0,0.0,17.647058823529417,41.17647058823529,,,,,64.28571428571429,60.71428571428571,60.71428571428571
01400010581011,38409.71829658941,2020.0,105.0,0.0,27.0,1.38,15.1,14.84,60.0,29.0,87.0,40.0,35.0,38.0,33.0,,3.0,27.0,35.0,34.0,34.0,0.0,25.71428571428571,48.33333333333334,87.5,95.0,82.5,,87.5,85.0,85.0
01400010581012,44186.04651162791,2010.0,52.0,,10.0,0.89,14.3,13.44,34.0,19.0,28.0,18.0,,,,,3.47,13.0,15.0,14.0,14.0,,19.230769230769234,55.88235294117647,,,,,83.33333333333334,77.7777777777778,77.7777777777778
01400010581012,44186.04651162791,2020.0,48.0,0.0,16.0,1.08,15.88,15.39,29.0,15.0,41.0,16.0,16.0,15.0,15.0,0.0,3.0,12.0,14.0,13.0,16.0,0.0,33.33333333333333,51.72413793103448,100.0,93.75,93.75,0.0,87.5,81.25,100.0
01400010596001,31818.18181818182,2010.0,178.0,4.0,32.0,1.48,14.14,13.49,87.0,42.0,132.0,69.0,,,,,2.81,41.0,47.0,49.0,50.0,2.247191011235955,17.97752808988764,48.27586206896552,,,,,68.11594202898551,71.01449275362319,72.46376811594203
01400010596001,31818.18181818182,2020.0,177.0,7.0,44.0,1.34,14.34,13.57,90.0,44.0,149.0,76.0,63.0,72.0,59.0,0.0,2.81,52.0,55.0,57.0,60.0,3.954802259887006,24.858757062146893,48.88888888888889,82.89473684210526,94.73684210526315,77.63157894736842,0.0,72.36842105263158,75.0,78.94736842105263
01400010596011,50033.150684931505,2010.0,348.0,9.0,42.0,1.01,15.14,14.66,176.0,82.0,214.0,141.0,,,,,2.52,87.0,103.0,102.0,100.0,2.586206896551724,12.06896551724138,46.59090909090909,,,,,73.04964539007092,72.3404255319149,70.92198581560285
01400010596011,50033.150684931505,2020.0,357.0,7.0,79.0,0.98,15.67,15.54,230.0,109.0,289.0,170.0,156.0,170.0,156.0,0.0,2.29,85.0,115.0,135.0,151.0,1.96078431372549,22.128851540616246,47.39130434782609,91.76470588235294,100.0,91.76470588235294,0.0,67.64705882352942,79.41176470588233,88.8235294117647
01400010596013,27743.90243902439,2010.0,67.0,4.0,15.0,0.97,14.26,14.19,45.0,23.0,58.0,49.0,,,,,1.81,19.0,26.0,25.0,23.0,5.970149253731343,22.388059701492534,51.11111111111111,,,,,53.061224489795926,51.020408163265316,46.938775510204074
01400010596013,27743.90243902439,2020.0,148.0,6.0,31.0,0.62,15.47,15.46,101.0,47.0,127.0,77.0,69.0,77.0,69.0,,2.14,34.0,52.0,62.0,65.0,4.0540540540540535,20.94594594594595,46.53465346534654,89.61038961038959,100.0,89.61038961038959,,67.53246753246754,80.51948051948051,84.4155844155844
01400010596016,37427.065618045395,2010.0,83.0,3.0,11.0,1.13,14.65,14.56,43.0,17.0,49.0,38.0,,,,,2.34,13.0,22.0,22.0,23.0,3.6144578313253017,13.253012048192772,39.53488372093023,,,,,57.894736842105274,57.894736842105274,60.526315789473685
01400010596016,37427.065618045395,2020.0,88.0,,24.0,1.02,14.61,14.35,58.0,29.0,71.0,43.0,39.0,43.0,39.0,0.0,2.26,15.0,25.0,33.0,36.0,,27.27272727272727,50.0,90.69767441860463,100.0,90.69767441860463,0.0,58.139534883720934,76.74418604651162,83.72093023255816
01400010596017,38926.93289940562,2010.0,544.0,11.0,114.0,1.29,14.54,13.62,290.0,152.0,435.0,229.0,,,,,2.64,178.0,184.0,179.0,168.0,2.022058823529412,20.955882352941178,52.41379310344828,,,,,80.34934497816595,78.16593886462883,73.36244541484717
01400010596017,38926.93289940562,2020.0,576.0,13.0,149.0,1.04,15.71,15.27,357.0,198.0,504.0,258.0,227.0,258.0,227.0,7.0,2.54,143.0,191.0,205.0,215.0,2.2569444444444438,25.868055555555557,55.462184873949575,87.98449612403101,100.0,87.98449612403101,2.713178294573644,74.03100775193798,79.45736434108527,83.33333333333334
01400010609002,42213.84992829651,2010.0,225.0,12.0,40.0,1.5,13.93,13.22,105.0,47.0,149.0,91.0,,,,,2.96,60.0,53.0,60.0,52.0,5.333333333333334,17.777777777777782,44.76190476190477,,,,,58.24175824175825,65.93406593406593,57.14285714285714
01400010609002,42213.84992829651,2020.0,225.0,3.0,54.0,1.05,14.81,14.44,134.0,68.0,198.0,119.0,92.0,119.0,92.0,,2.45,67.0,76.0,86.0,90.0,1.3333333333333337,24.0,50.746268656716424,77.31092436974791,100.0,77.31092436974791,,63.86554621848739,72.26890756302521,75.63025210084034
01400010609005,36956.52173913043,2010.0,825.0,19.0,158.0,1.39,14.43,13.61,429.0,202.0,591.0,341.0,,,,,2.64,212.0,214.0,223.0,201.0,2.3030303030303028,19.151515151515152,47.08624708624709,,,,,62.75659824046921,65.39589442815249,58.944281524926694
01400010609005,36956.52173913043,2020.0,770.0,14.0,205.0,1.16,15.26,14.78,458.0,231.0,638.0,353.0,320.0,324.0,291.0,,2.41,230.0,244.0,285.0,309.0,1.818181818181818,26.623376623376625,50.436681222707435,90.6515580736544,91.78470254957509,82.43626062322946,,69.12181303116147,80.73654390934844,87.53541076487251
01400010609013,17911.145679012345,2010.0,338.0,12.0,61.0,1.14,14.73,14.29,194.0,88.0,250.0,150.0,,,,,2.56,90.0,121.0,114.0,110.0,3.5502958579881656,18.04733727810651,45.360824742268036,,,,,80.66666666666666,76.0,73.33333333333333
01400010609013,17911.145679012345,2020.0,357.0,13.0,81.0,1.12,15.39,15.03,206.0,102.0,289.0,190.0,166.0,188.0,164.0,,2.15,100.0,138.0,149.0,157.0,3.6414565826330536,22.689075630252105,49.514563106796125,87.36842105263159,98.94736842105264,86.31578947368422,,72.63157894736842,78.42105263157895,82.63157894736842
01400010609014,37401.4,2010.0,285.0,5.0,61.0,1.55,14.56,13.89,139.0,73.0,233.0,117.0,,,,,2.87,82.0,78.0,76.0,75.0,1.7543859649122806,21.403508771929825,52.517985611510795,,,,,66.66666666666666,64.95726495726495,64.1025641025641
01400010609014,37401.4,2020.0,380.0,8.0,94.0,0.98,15.4,14.85,242.0,128.0,311.0,187.0,158.0,180.0,151.0,5.0,2.41,113.0,131.0,135.0,150.0,2.1052631578947367,24.73684210526316,52.892561983471076,84.49197860962568,96.25668449197859,80.74866310160428,2.6737967914438503,70.05347593582889,72.19251336898395,80.21390374331551
01400010613011,44854.31235431236,2010.0,302.0,6.0,65.0,1.48,14.36,13.76,149.0,75.0,226.0,110.0,,,,,2.89,84.0,79.0,80.0,74.0,1.9867549668874172,21.52317880794702,50.33557046979866,,,,,71.81818181818181,72.72727272727273,67.27272727272727
01400010613011,44854.31235431236,2020.0,302.0,6.0,61.0,1.17,15.51,15.22,193.0,98.0,227.0,138.0,118.0,119.0,99.0,0.0,2.56,93.0,97.0,104.0,111.0,1.9867549668874172,20.198675496688747,50.77720207253886,85.5072463768116,86.23188405797102,71.73913043478261,0.0,70.28985507246377,75.36231884057972,80.43478260869566
01400010613012,44791.666666666664,2010.0,319.0,5.0,44.0,1.25,14.24,13.18,169.0,78.0,246.0,123.0,,,,,2.82,80.0,92.0,94.0,91.0,1.5673981191222568,13.79310344827586,46.153846153846146,,,,,74.79674796747966,76.42276422764228,73.98373983739837
01400010613012,44791.666666666664,2020.0,307.0,4.0,54.0,0.98,15.37,14.98,220.0,107.0,271.0,153.0,142.0,131.0,120.0,,2.16,109.0,118.0,133.0,137.0,1.3029315960912051,17.589576547231268,48.63636363636364,92.81045751633988,85.62091503267973,78.43137254901961,,77.12418300653594,86.9281045751634,89.54248366013073
01400010613017,48122.392580050735,2010.0,578.0,12.0,97.0,1.29,14.41,13.95,283.0,145.0,410.0,234.0,,,,,2.77,144.0,139.0,178.0,159.0,2.0761245674740483,16.782006920415224,51.23674911660777,,,,,59.401709401709404,76.06837606837607,67.94871794871796
01400010613017,48122.392580050735,2020.0,546.0,4.0,126.0,1.07,14.98,14.76,411.0,228.0,440.0,271.0,247.0,249.0,225.0,3.0,2.21,190.0,181.0,215.0,230.0,0.7326007326007326,23.07692307692308,55.47445255474452,91.1439114391144,91.8819188191882,83.02583025830258,1.1070110701107008,66.78966789667896,79.33579335793358,84.87084870848709
01400010613020,31365.31365313653,2010.0,471.0,14.0,85.0,1.44,14.66,14.37,205.0,98.0,327.0,216.0,,,,,2.57,107.0,117.0,121.0,111.0,2.9723991507431,18.04670912951168,47.80487804878049,,,,,54.16666666666666,56.01851851851853,51.38888888888889
01400010613020,31365.31365313653,2020.0,486.0,14.0,91.0,1.0,15.39,15.13,318.0,150.0,418.0,250.0,205.0,235.0,190.0,4.0,2.37,146.0,147.0,184.0,193.0,2.8806584362139915,18.72427983539095,47.16981132075472,82.0,94.0,76.0,1.6,58.8,73.6,77.2
01400010628022,30710.116525681442,2010.0,317.0,6.0,66.0,1.35,13.8,13.55,154.0,84.0,188.0,119.0,,,,,2.87,84.0,77.0,83.0,75.0,1.892744479495268,20.820189274447948,54.54545454545454,,,,,64.70588235294117,69.74789915966386,63.02521008403361
01400010628022,30710.116525681442,2020.0,335.0,6.0,88.0,1.3,14.32,14.03,196.0,101.0,287.0,138.0,129.0,138.0,129.0,0.0,2.6,87.0,95.0,117.0,120.0,1.791044776119403,26.268656716417908,51.53061224489796,93.47826086956522,100.0,93.47826086956522,0.0,68.84057971014492,84.78260869565217,86.95652173913044
01400010632006,13227.272727272728,2010.0,140.0,,24.0,1.84,13.61,12.53,40.0,13.0,70.0,51.0,,,,,3.17,20.0,22.0,24.0,23.0,,17.142857142857142,32.5,,,,,43.137254901960794,47.058823529411754,45.098039215686285
01400010632006,13227.272727272728,2020.0,118.0,0.0,34.0,1.18,14.72,14.24,72.0,32.0,82.0,58.0,50.0,58.0,50.0,3.0,2.36,40.0,34.0,42.0,43.0,0.0,28.813559322033896,44.444444444444436,86.20689655172413,100.0,86.20689655172413,5.172413793103448,58.620689655172406,72.41379310344827,74.13793103448276
01400010632012,25602.409638554218,2010.0,282.0,5.0,51.0,1.3,13.83,13.33,135.0,64.0,212.0,96.0,,,,,3.0,64.0,71.0,74.0,72.0,1.773049645390071,18.085106382978726,47.407407407407405,,,,,73.95833333333334,77.08333333333334,75.0
01400010632012,25602.409638554218,2020.0,289.0,,77.0,1.39,14.92,14.49,177.0,83.0,222.0,118.0,111.0,105.0,98.0,,2.6,76.0,80.0,95.0,103.0,,26.643598615916954,46.89265536723163,94.06779661016951,88.98305084745762,83.0508474576271,,67.79661016949152,80.5084745762712,87.28813559322035
01400010632019,26804.096907216495,2010.0,536.0,21.0,54.0,1.13,14.45,14.01,274.0,126.0,360.0,223.0,,,,,2.56,119.0,153.0,161.0,144.0,3.9179104477611935,10.074626865671641,45.985401459854025,,,,,68.609865470852,72.19730941704036,64.57399103139014
01400010632019,26804.096907216495,2020.0,622.0,12.0,112.0,1.11,14.8,14.49,360.0,176.0,474.0,265.0,241.0,235.0,211.0,3.0,2.58,168.0,171.0,209.0,227.0,1.929260450160772,18.006430868167204,48.88888888888889,90.9433962264151,88.67924528301887,79.62264150943396,1.1320754716981132,64.52830188679245,78.86792452830191,85.66037735849056
01400010632025,25000.0,2010.0,202.0,9.0,39.0,1.57,12.91,12.36,80.0,30.0,133.0,79.0,,,,,2.92,48.0,41.0,41.0,39.0,4.455445544554455,19.306930693069308,37.5,,,,,51.89873417721518,51.89873417721518,49.36708860759494
01400010632025,25000.0,2020.0,178.0,,53.0,1.39,13.6,13.05,99.0,40.0,158.0,74.0,69.0,73.0,68.0,0.0,2.53,39.0,40.0,55.0,61.0,,29.77528089887641,40.4040404040404,93.24324324324324,98.64864864864865,91.8918918918919,0.0,54.05405405405406,74.32432432432431,82.43243243243244
01400010632030,48275.862068965514,2010.0,165.0,6.0,29.0,1.46,12.4,11.98,61.0,29.0,92.0,62.0,,,,,2.93,27.0,29.0,28.0,26.0,3.636363636363636,17.575757575757574,47.540983606557376,,,,,46.774193548387096,45.16129032258064,41.935483870967744
01400010632030,48275.862068965514,2020.0,130.0,4.0,32.0,1.15,13.63,13.09,79.0,40.0,97.0,69.0,57.0,64.0,52.0,0.0,2.28,18.0,29.0,40.0,52.0,3.0769230769230766,24.615384615384613,50.63291139240506,82.6086956521739,92.7536231884058,75.36231884057972,0.0,42.028985507246375,57.97101449275362,75.36231884057972
01400010632036,41774.1935483871,2010.0,320.0,14.0,23.0,1.3,14.07,13.31,163.0,76.0,190.0,144.0,,,,,2.38,58.0,73.0,95.0,94.0,4.375,7.187499999999999,46.62576687116564,,,,,50.694444444444436,65.97222222222221,65.27777777777779
01400010632036,41774.1935483871,2020.0,410.0,5.0,57.0,0.93,15.02,14.77,295.0,147.0,343.0,238.0,199.0,227.0,188.0,14.0,2.05,104.0,124.0,171.0,187.0,1.2195121951219512,13.902439024390244,49.830508474576284,83.61344537815127,95.37815126050421,78.99159663865547,5.882352941176469,52.10084033613446,71.84873949579831,78.57142857142857
01400010670011,16121.495327102804,2010.0,174.0,3.0,22.0,1.47,13.31,12.88,90.0,43.0,103.0,77.0,,,,,3.46,34.0,28.0,32.0,30.0,1.7241379310344829,12.643678160919542,47.77777777777778,,,,,36.36363636363637,41.558441558441565,38.96103896103897
01400010670011,16121.495327102804,2020.0,315.0,11.0,52.0,1.01,14.13,13.87,189.0,87.0,225.0,136.0,120.0,102.0,86.0,,2.63,86.0,90.0,105.0,112.0,3.492063492063492,16.507936507936506,46.03174603174603,88.23529411764706,75.0,63.235294117647065,,66.17647058823529,77.20588235294117,82.35294117647058
01400010685001,44444.444444444445,2010.0,319.0,5.0,48.0,1.62,12.66,12.2,140.0,74.0,178.0,104.0,,,,,3.6,67.0,52.0,55.0,48.0,1.5673981191222568,15.047021943573668,52.85714285714286,,,,,50.0,52.884615384615394,46.153846153846146
01400010685001,44444.444444444445,2020.0,420.0,11.0,88.0,1.28,14.29,14.1,289.0,143.0,345.0,168.0,159.0,163.0,154.0,,2.64,112.0,117.0,123.0,140.0,2.619047619047619,20.952380952380953,49.480968858131476,94.64285714285714,97.0238095238095,91.66666666666666,,69.64285714285714,73.21428571428571,83.33333333333334
01400010685011,38134.05326826229,2010.0,98.0,,17.0,1.58,12.97,12.09,52.0,25.0,66.0,40.0,,,,,2.62,18.0,19.0,23.0,17.0,,17.346938775510207,48.07692307692307,,,,,47.5,57.49999999999999,42.5
01400010685011,38134.05326826229,2020.0,106.0,,24.0,1.2,13.71,13.44,69.0,43.0,75.0,38.0,37.0,31.0,30.0,0.0,2.86,24.0,21.0,32.0,35.0,,22.641509433962263,62.31884057971014,97.36842105263158,81.57894736842105,78.94736842105263,0.0,55.26315789473685,84.21052631578947,92.10526315789473
0140001069A008,14934.21052631579,2010.0,25.0,0.0,6.0,2.18,15.06,15.09,8.0,6.0,16.0,11.0,,,,,2.29,7.0,5.0,7.0,7.0,0.0,24.0,75.0,,,,,45.45454545454545,63.63636363636363,63.63636363636363
0140001069A008,14934.21052631579,2020.0,27.0,,12.0,2.14,13.88,15.43,17.0,9.0,19.0,12.0,12.0,12.0,12.0,0.0,2.25,7.0,6.0,5.0,7.0,,44.444444444444436,52.941176470588246,100.0,100.0,100.0,0.0,50.0,41.66666666666667,58.33333333333334
01400010702008,38079.68253968254,2010.0,371.0,10.0,71.0,1.16,14.08,13.65,175.0,91.0,205.0,160.0,,,,,2.58,86.0,93.0,96.0,90.0,2.6954177897574128,19.13746630727763,52.0,,,,,58.12500000000001,60.0,56.25
01400010702008,38079.68253968254,2020.0,360.0,6.0,94.0,1.02,15.26,14.95,216.0,103.0,308.0,163.0,145.0,162.0,144.0,,2.48,97.0,113.0,130.0,137.0,1.6666666666666667,26.11111111111111,47.685185185185176,88.95705521472394,99.38650306748468,88.34355828220859,,69.32515337423312,79.75460122699386,84.04907975460122
01400010702017,40388.726741667924,2010.0,217.0,,40.0,1.34,14.04,13.64,101.0,56.0,155.0,74.0,,,,,3.27,52.0,48.0,50.0,46.0,,18.433179723502306,55.44554455445545,,,,,64.86486486486487,67.56756756756756,62.16216216216216
01400010702017,40388.726741667924,2020.0,215.0,10.0,54.0,1.12,15.07,14.98,124.0,63.0,189.0,76.0,70.0,73.0,67.0,0.0,3.07,58.0,57.0,60.0,65.0,4.651162790697675,25.116279069767447,50.806451612903224,92.10526315789473,96.05263157894736,88.1578947368421,0.0,75.0,78.94736842105263,85.52631578947368
01400010702023,34951.45631067961,2010.0,187.0,,33.0,1.4,13.23,12.4,90.0,49.0,127.0,70.0,,,,,2.87,52.0,46.0,43.0,43.0,,17.647058823529417,54.444444444444436,,,,,65.71428571428571,61.42857142857143,61.42857142857143
01400010702023,34951.45631067961,2020.0,170.0,,43.0,1.06,14.85,14.05,106.0,53.0,146.0,86.0,70.0,86.0,70.0,8.0,2.43,52.0,56.0,63.0,67.0,,25.294117647058826,50.0,81.3953488372093,100.0,81.3953488372093,9.30232558139535,65.11627906976744,73.25581395348838,77.90697674418605
01400010721003,50287.35632183908,2010.0,620.0,21.0,117.0,1.24,13.91,13.24,325.0,154.0,472.0,293.0,,,,,2.49,148.0,184.0,194.0,183.0,3.3870967741935485,18.870967741935484,47.384615384615394,,,,,62.79863481228669,66.21160409556313,62.457337883959035
01400010721003,50287.35632183908,2020.0,655.0,13.0,152.0,1.08,14.95,14.25,374.0,179.0,505.0,319.0,278.0,317.0,276.0,20.0,2.35,153.0,192.0,231.0,258.0,1.984732824427481,23.20610687022901,47.86096256684493,87.14733542319748,99.37304075235107,86.52037617554859,6.269592476489028,60.18808777429467,72.41379310344827,80.87774294670847
01400010721017,40833.333333333336,2010.0,305.0,9.0,49.0,1.44,14.4,14.25,177.0,83.0,258.0,143.0,,,,,2.5,107.0,104.0,96.0,87.0,2.950819672131148,16.065573770491802,46.89265536723163,,,,,72.72727272727273,67.13286713286713,60.839160839160854
01400010721017,40833.333333333336,2020.0,377.0,8.0,77.0,1.03,14.83,14.55,226.0,109.0,325.0,153.0,143.0,146.0,136.0,0.0,2.64,106.0,110.0,127.0,136.0,2.122015915119363,20.424403183023873,48.23008849557522,93.46405228758171,95.4248366013072,88.8888888888889,0.0,71.89542483660131,83.00653594771242,88.8888888888889
01400010736003,44407.40740740741,2010.0,1313.0,31.0,275.0,1.54,13.15,12.75,603.0,287.0,943.0,648.0,,,,,2.41,322.0,223.0,344.0,278.0,2.3610053313023607,20.944402132520946,47.595356550580426,,,,,34.41358024691357,53.086419753086425,42.90123456790123
01400010736003,44407.40740740741,2020.0,1327.0,19.0,329.0,1.06,14.09,13.69,797.0,368.0,1126.0,647.0,570.0,617.0,540.0,4.0,2.33,390.0,249.0,479.0,514.0,1.4318010550113038,24.79276563677468,46.173149309912176,88.09891808346212,95.36321483771252,83.46213292117464,0.6182380216383307,38.485316846986095,74.03400309119009,79.44358578052551
01400010736006,25205.711818406122,2010.0,268.0,5.0,45.0,1.34,13.83,13.3,145.0,83.0,180.0,127.0,,,,,2.66,62.0,62.0,71.0,68.0,1.8656716417910448,16.791044776119403,57.24137931034483,,,,,48.818897637795274,55.905511811023615,53.54330708661418
01400010736006,25205.711818406122,2020.0,247.0,4.0,48.0,1.07,15.02,14.61,159.0,83.0,222.0,157.0,112.0,156.0,111.0,4.0,2.21,80.0,73.0,100.0,106.0,1.6194331983805668,19.4331983805668,52.20125786163522,71.33757961783441,99.36305732484078,70.70063694267515,2.5477707006369434,46.49681528662421,63.69426751592356,67.51592356687898
01400010740003,30249.110320284697,2010.0,706.0,21.0,112.0,1.1,14.25,13.62,393.0,190.0,563.0,330.0,,,,,2.46,186.0,215.0,229.0,210.0,2.9745042492917855,15.86402266288952,48.34605597964377,,,,,65.15151515151516,69.39393939393939,63.63636363636363
01400010740003,30249.110320284697,2020.0,663.0,14.0,142.0,0.94,14.96,14.78,341.0,169.0,585.0,344.0,285.0,330.0,271.0,14.0,2.33,171.0,197.0,255.0,271.0,2.1116138763197587,21.417797888386122,49.560117302052795,82.84883720930233,95.93023255813955,78.77906976744184,4.069767441860465,57.26744186046512,74.12790697674419,78.77906976744184
01400010755001,43136.72438672438,2010.0,274.0,4.0,55.0,1.49,13.63,12.96,135.0,67.0,182.0,99.0,,,,,2.98,75.0,73.0,72.0,63.0,1.45985401459854,20.072992700729927,49.62962962962962,,,,,73.73737373737373,72.72727272727273,63.63636363636363
01400010755001,43136.72438672438,2020.0,288.0,6.0,68.0,1.26,14.54,14.08,158.0,87.0,217.0,111.0,100.0,107.0,96.0,,2.88,68.0,75.0,89.0,93.0,2.083333333333333,23.61111111111111,55.063291139240505,90.09009009009009,96.39639639639641,86.4864864864865,,67.56756756756756,80.18018018018019,83.7837837837838
01400010755002,40764.331210191085,2010.0,264.0,3.0,58.0,1.37,14.1,13.51,106.0,46.0,173.0,115.0,,,,,2.6,54.0,70.0,64.0,67.0,1.1363636363636365,21.96969696969697,43.39622641509435,,,,,60.86956521739131,55.65217391304348,58.26086956521739
01400010755002,40764.331210191085,2020.0,287.0,7.0,66.0,1.2,14.81,14.48,189.0,97.0,198.0,125.0,107.0,112.0,94.0,7.0,2.67,83.0,83.0,92.0,103.0,2.4390243902439024,22.99651567944251,51.32275132275132,85.6,89.60000000000002,75.2,5.6000000000000005,66.4,73.6,82.39999999999998
01400010755003,13044.927536231884,2010.0,803.0,19.0,126.0,1.33,13.9,13.4,366.0,172.0,456.0,341.0,,,,,2.59,174.0,185.0,194.0,177.0,2.3661270236612704,15.69115815691158,46.994535519125684,,,,,54.25219941348972,56.89149560117303,51.906158357771254
01400010755003,13044.927536231884,2020.0,765.0,9.0,191.0,1.22,14.55,14.2,519.0,268.0,615.0,342.0,308.0,284.0,250.0,6.0,2.48,217.0,209.0,260.0,289.0,1.1764705882352942,24.967320261437912,51.63776493256264,90.05847953216373,83.04093567251464,73.09941520467838,1.7543859649122806,61.111111111111114,76.0233918128655,84.50292397660819
01400010755004,38207.54716981132,2010.0,715.0,22.0,84.0,1.15,14.66,14.02,339.0,144.0,465.0,330.0,,,,,2.55,154.0,178.0,201.0,186.0,3.0769230769230766,11.748251748251748,42.477876106194685,,,,,53.93939393939394,60.90909090909091,56.36363636363636
01400010755004,38207.54716981132,2020.0,745.0,19.0,160.0,1.01,15.1,14.61,510.0,244.0,604.0,347.0,306.0,341.0,300.0,12.0,2.43,179.0,209.0,271.0,284.0,2.5503355704697985,21.476510067114095,47.84313725490196,88.18443804034582,98.27089337175792,86.45533141210375,3.4582132564841497,60.230547550432284,78.09798270893374,81.84438040345822
01400010755006,56488.54961832061,2010.0,245.0,3.0,34.0,1.37,14.24,13.8,120.0,55.0,187.0,86.0,,,,,3.22,60.0,65.0,68.0,65.0,1.2244897959183674,13.877551020408163,45.83333333333333,,,,,75.5813953488372,79.06976744186046,75.5813953488372
01400010755006,56488.54961832061,2020.0,228.0,6.0,59.0,1.24,15.04,14.78,140.0,68.0,177.0,90.0,81.0,86.0,77.0,,2.81,70.0,62.0,71.0,75.0,2.631578947368421,25.877192982456144,48.57142857142857,90.0,95.55555555555556,85.55555555555556,,68.8888888888889,78.8888888888889,83.33333333333334
01400010755016,52647.97507788162,2010.0,392.0,6.0,60.0,1.22,13.93,13.67,176.0,83.0,259.0,166.0,,,,,2.68,93.0,102.0,101.0,97.0,1.5306122448979589,15.306122448979592,47.15909090909091,,,,,61.44578313253012,60.843373493975896,58.433734939759034
01400010755016,52647.97507788162,2020.0,331.0,8.0,93.0,1.14,15.28,14.93,217.0,116.0,275.0,181.0,161.0,178.0,158.0,0.0,2.06,101.0,122.0,139.0,149.0,2.416918429003021,28.09667673716012,53.45622119815668,88.95027624309392,98.34254143646407,87.29281767955801,0.0,67.40331491712708,76.79558011049724,82.32044198895028
0140001076A002,26086.956521739132,2010.0,266.0,3.0,39.0,1.3,14.66,14.2,115.0,59.0,168.0,104.0,,,,,2.73,59.0,70.0,70.0,62.0,1.1278195488721805,14.661654135338345,51.30434782608696,,,,,67.30769230769229,67.30769230769229,59.615384615384606
0140001076A002,26086.956521739132,2020.0,323.0,6.0,64.0,1.06,14.92,14.54,208.0,95.0,258.0,139.0,120.0,139.0,120.0,10.0,2.65,80.0,94.0,104.0,112.0,1.8575851393188851,19.814241486068113,45.67307692307693,86.33093525179855,100.0,86.33093525179855,7.1942446043165456,67.62589928057554,74.82014388489209,80.5755395683453
0140001076A003,18214.285714285714,2010.0,1082.0,23.0,129.0,1.1,14.64,14.33,512.0,246.0,728.0,454.0,,,,,2.5,269.0,296.0,308.0,285.0,2.1256931608133085,11.922365988909426,48.046875,,,,,65.19823788546255,67.84140969162996,62.77533039647577
0140001076A003,18214.285714285714,2020.0,914.0,17.0,202.0,0.96,15.21,14.92,586.0,311.0,758.0,466.0,391.0,466.0,391.0,33.0,2.34,250.0,285.0,350.0,368.0,1.8599562363238515,22.100656455142236,53.07167235494882,83.90557939914163,100.0,83.90557939914163,7.081545064377682,61.158798283261795,75.10729613733905,78.96995708154506
01400010789001,12222.222222222223,2010.0,111.0,,20.0,1.96,12.18,11.84,50.0,21.0,83.0,40.0,,,,,3.27,29.0,17.0,20.0,14.0,,18.01801801801802,42.0,,,,,42.5,50.0,35.0
01400010789001,12222.222222222223,2020.0,85.0,,22.0,1.73,12.42,12.08,57.0,27.0,72.0,37.0,35.0,35.0,33.0,0.0,2.43,25.0,15.0,24.0,27.0,,25.882352941176478,47.368421052631575,94.5945945945946,94.5945945945946,89.18918918918921,0.0,40.54054054054054,64.86486486486487,72.97297297297297
01400010793006,45905.707196029776,2010.0,235.0,,33.0,1.24,14.19,13.9,127.0,54.0,156.0,122.0,,,,,2.32,66.0,73.0,79.0,74.0,,14.042553191489365,42.51968503937008,,,,,59.8360655737705,64.75409836065575,60.65573770491803
01400010793006,45905.707196029776,2020.0,249.0,,51.0,0.79,15.26,15.0,149.0,84.0,204.0,141.0,119.0,141.0,119.0,7.0,2.09,82.0,81.0,114.0,115.0,,20.48192771084337,56.375838926174495,84.39716312056738,100.0,84.39716312056738,4.964539007092199,57.44680851063831,80.85106382978722,81.56028368794325
01400010793014,18260.869565217392,2010.0,251.0,5.0,57.0,1.51,14.61,14.15,122.0,58.0,183.0,107.0,,,,,2.72,64.0,75.0,75.0,64.0,1.99203187250996,22.709163346613547,47.540983606557376,,,,,70.09345794392523,70.09345794392523,59.81308411214953
01400010793014,18260.869565217392,2020.0,697.0,15.0,128.0,0.97,15.49,15.06,421.0,215.0,579.0,306.0,281.0,221.0,196.0,10.0,2.48,224.0,234.0,267.0,272.0,2.1520803443328558,18.364418938307036,51.068883610451316,91.83006535947712,72.2222222222222,64.05228758169935,3.2679738562091507,76.47058823529412,87.25490196078432,88.8888888888889
01400010793018,40506.75675675676,2010.0,110.0,3.0,17.0,1.28,14.27,14.19,64.0,29.0,88.0,60.0,,,,,2.68,28.0,31.0,30.0,29.0,2.727272727272727,15.454545454545453,45.3125,,,,,51.66666666666667,50.0,48.33333333333334
01400010793018,40506.75675675676,2020.0,144.0,0.0,27.0,0.86,13.71,14.18,100.0,36.0,120.0,68.0,60.0,60.0,52.0,3.0,2.19,37.0,52.0,55.0,57.0,0.0,18.75,36.0,88.23529411764706,88.23529411764706,76.47058823529412,4.411764705882354,76.47058823529412,80.88235294117648,83.82352941176471
01400010806003,41906.342182890854,2010.0,282.0,,54.0,1.27,13.67,13.15,121.0,56.0,179.0,126.0,,,,,2.37,71.0,78.0,77.0,74.0,,19.148936170212764,46.280991735537185,,,,,61.904761904761905,61.111111111111114,58.73015873015874
01400010806003,41906.342182890854,2020.0,292.0,8.0,77.0,1.25,14.88,14.66,185.0,85.0,257.0,143.0,131.0,143.0,131.0,,2.23,70.0,100.0,119.0,123.0,2.7397260273972597,26.36986301369863,45.94594594594595,91.60839160839159,100.0,91.60839160839159,,69.93006993006993,83.2167832167832,86.01398601398601
01400010806009,47770.700636942674,2010.0,404.0,8.0,77.0,1.24,14.59,13.84,218.0,108.0,340.0,187.0,,,,,2.56,92.0,130.0,121.0,116.0,1.98019801980198,19.059405940594058,49.54128440366973,,,,,69.5187165775401,64.70588235294117,62.032085561497325
01400010806009,47770.700636942674,2020.0,415.0,10.0,84.0,1.11,15.46,15.22,261.0,129.0,330.0,192.0,170.0,183.0,161.0,6.0,2.44,102.0,136.0,156.0,168.0,2.409638554216868,20.24096385542169,49.42528735632184,88.54166666666666,95.3125,83.85416666666666,3.125,70.83333333333334,81.25,87.5
01400010810005,15600.0,2010.0,694.0,31.0,127.0,1.23,14.35,13.8,353.0,189.0,534.0,305.0,,,,,2.76,184.0,210.0,199.0,196.0,4.46685878962536,18.299711815561963,53.54107648725213,,,,,68.85245901639344,65.24590163934427,64.26229508196721
01400010810005,15600.0,2020.0,718.0,11.0,141.0,1.0,15.12,14.84,451.0,214.0,652.0,309.0,291.0,275.0,257.0,,2.47,240.0,236.0,264.0,279.0,1.532033426183844,19.637883008356546,47.45011086474501,94.1747572815534,88.99676375404529,83.1715210355987,,76.37540453074432,85.43689320388349,90.29126213592234
01400010810014,57288.821246585314,2010.0,1064.0,67.0,104.0,0.97,14.91,14.41,620.0,317.0,909.0,589.0,,,,,2.27,290.0,374.0,394.0,363.0,6.296992481203008,9.774436090225564,51.129032258064505,,,,,63.49745331069611,66.89303904923601,61.62988115449915
01400010810014,57288.821246585314,2020.0,1299.0,33.0,217.0,0.97,15.28,14.85,822.0,417.0,1138.0,596.0,578.0,544.0,526.0,7.0,2.25,402.0,437.0,531.0,536.0,2.5404157043879905,16.705157813702847,50.729927007299274,96.97986577181207,91.27516778523491,88.25503355704699,1.174496644295302,73.3221476510067,89.09395973154362,89.93288590604027
01400010810016,45151.51515151515,2010.0,151.0,4.0,39.0,1.49,14.3,13.45,75.0,36.0,122.0,70.0,,,,,2.5,39.0,55.0,52.0,51.0,2.6490066225165565,25.827814569536425,48.0,,,,,78.57142857142857,74.28571428571429,72.85714285714283
01400010810016,45151.51515151515,2020.0,169.0,,44.0,1.43,14.71,14.17,106.0,51.0,147.0,71.0,64.0,70.0,63.0,,2.64,50.0,50.0,59.0,61.0,,26.035502958579887,48.11320754716981,90.14084507042256,98.59154929577466,88.73239436619718,,70.4225352112676,83.09859154929578,85.91549295774648
01400010844012,43092.78350515464,2010.0,304.0,5.0,41.0,1.39,13.68,12.92,163.0,76.0,222.0,133.0,,,,,2.63,84.0,66.0,86.0,72.0,1.6447368421052633,13.48684210526316,46.62576687116564,,,,,49.62406015037594,64.66165413533834,54.13533834586466
01400010844012,43092.78350515464,2020.0,959.0,24.0,120.0,0.97,15.3,14.99,651.0,302.0,741.0,457.0,435.0,374.0,352.0,3.0,2.2,290.0,327.0,386.0,416.0,2.5026068821689256,12.51303441084463,46.39016897081413,95.18599562363238,81.83807439824946,77.02407002188184,0.6564551422319475,71.55361050328226,84.46389496717724,91.02844638949672
01400010844027,60705.383846367804,2010.0,419.0,11.0,49.0,1.12,13.98,13.39,209.0,109.0,270.0,198.0,,,,,2.34,87.0,118.0,131.0,117.0,2.6252983293556085,11.694510739856806,52.15311004784689,,,,,59.5959595959596,66.16161616161617,59.09090909090909
01400010844027,60705.383846367804,2020.0,502.0,17.0,79.0,1.07,14.65,14.16,312.0,165.0,402.0,226.0,220.0,135.0,129.0,0.0,2.28,127.0,153.0,183.0,198.0,3.386454183266932,15.737051792828685,52.884615384615394,97.34513274336284,59.734513274336294,57.079646017699105,0.0,67.69911504424779,80.97345132743364,87.61061946902655
01400010863012,16230.701754385964,2010.0,33.0,3.0,0.0,1.6,13.0,12.6,11.0,6.0,14.0,9.0,,,,,4.5,5.0,3.0,3.0,3.0,9.090909090909092,0.0,54.54545454545454,,,,,33.33333333333333,33.33333333333333,33.33333333333333
01400010863012,16230.701754385964,2020.0,46.0,,5.0,2.06,14.21,13.47,23.0,7.0,31.0,20.0,17.0,20.0,17.0,0.0,2.71,17.0,13.0,13.0,15.0,,10.869565217391305,30.434782608695656,85.0,100.0,85.0,0.0,65.0,65.0,75.0
01400010863021,13944.281524926686,2010.0,265.0,,40.0,1.22,13.32,12.72,125.0,58.0,189.0,140.0,,,,,2.61,58.0,58.0,65.0,57.0,,15.094339622641508,46.40000000000001,,,,,41.42857142857143,46.42857142857143,40.714285714285715
01400010863021,13944.281524926686,2020.0,462.0,13.0,75.0,1.03,14.27,14.29,286.0,140.0,340.0,194.0,183.0,180.0,169.0,4.0,2.52,163.0,110.0,146.0,162.0,2.813852813852814,16.233766233766232,48.95104895104895,94.3298969072165,92.78350515463914,87.11340206185568,2.061855670103093,56.70103092783504,75.25773195876289,83.50515463917526
01400010878001,34536.0824742268,2010.0,168.0,8.0,17.0,1.14,13.38,12.78,87.0,41.0,124.0,88.0,,,,,2.38,36.0,42.0,48.0,37.0,4.761904761904762,10.119047619047619,47.12643678160919,,,,,47.72727272727273,54.54545454545454,42.04545454545455
01400010878001,34536.0824742268,2020.0,224.0,3.0,31.0,0.92,14.63,14.52,149.0,84.0,207.0,113.0,109.0,113.0,109.0,0.0,2.06,86.0,73.0,89.0,102.0,1.3392857142857142,13.839285714285715,56.375838926174495,96.46017699115043,100.0,96.46017699115043,0.0,64.60176991150442,78.76106194690266,90.2654867256637
01400010897010,24857.14285714286,2010.0,92.0,,19.0,1.62,12.21,11.68,52.0,24.0,64.0,37.0,,,,,2.71,17.0,21.0,23.0,18.0,,20.65217391304348,46.153846153846146,,,,,56.75675675675675,62.16216216216216,48.64864864864865
01400010897010,24857.14285714286,2020.0,75.0,,16.0,0.75,14.43,13.97,54.0,29.0,59.0,38.0,34.0,38.0,34.0,,2.21,20.0,15.0,29.0,31.0,,21.333333333333336,53.70370370370371,89.47368421052632,100.0,89.47368421052632,,39.473684210526315,76.31578947368422,81.57894736842105
01400010897011,36615.38461538462,2010.0,32.0,,7.0,0.82,13.59,12.65,18.0,11.0,31.0,13.0,,,,,2.91,7.0,11.0,9.0,9.0,,21.875,61.111111111111114,,,,,84.61538461538461,69.23076923076923,69.23076923076923
01400010897011,36615.38461538462,2020.0,34.0,0.0,13.0,1.18,14.5,13.82,20.0,12.0,23.0,13.0,13.0,12.0,12.0,0.0,2.33,6.0,12.0,10.0,11.0,0.0,38.23529411764706,60.0,100.0,92.30769230769229,92.30769230769229,0.0,92.30769230769229,76.92307692307693,84.61538461538461
0140001090A010,16402.272727272728,2010.0,142.0,,47.0,1.44,14.06,13.47,71.0,35.0,103.0,65.0,,,,,2.36,36.0,53.0,45.0,44.0,,33.098591549295776,49.29577464788733,,,,,81.53846153846153,69.23076923076923,67.69230769230771
0140001090A010,16402.272727272728,2020.0,99.0,3.0,36.0,1.84,15.38,14.7,52.0,22.0,75.0,68.0,47.0,61.0,40.0,15.0,2.09,24.0,35.0,37.0,40.0,3.0303030303030303,36.36363636363637,42.307692307692314,69.11764705882352,89.70588235294117,58.82352941176471,22.058823529411764,51.470588235294116,54.41176470588235,58.82352941176471
0140001090A018,37702.99461050367,2010.0,34.0,0.0,9.0,1.53,12.4,12.37,12.0,6.0,21.0,19.0,,,,,2.21,7.0,9.0,7.0,7.0,0.0,26.470588235294123,50.0,,,,,47.368421052631575,36.84210526315789,36.84210526315789
0140001090A018,37702.99461050367,2020.0,47.0,4.0,16.0,1.26,14.71,14.11,24.0,14.0,36.0,23.0,20.0,21.0,18.0,0.0,2.35,14.0,14.0,14.0,16.0,8.51063829787234,34.04255319148936,58.33333333333334,86.95652173913044,91.30434782608695,78.26086956521739,0.0,60.86956521739131,60.86956521739131,69.56521739130434
01400010914004,55000.0,2010.0,201.0,6.0,43.0,1.48,14.11,13.33,105.0,61.0,150.0,90.0,,,,,2.71,60.0,70.0,64.0,66.0,2.985074626865672,21.393034825870647,58.0952380952381,,,,,77.7777777777778,71.1111111111111,73.33333333333333
01400010914004,55000.0,2020.0,199.0,3.0,60.0,1.39,14.95,14.47,110.0,60.0,161.0,92.0,83.0,82.0,73.0,,2.4,69.0,73.0,75.0,81.0,1.507537688442211,30.15075376884422,54.54545454545454,90.21739130434784,89.13043478260867,79.34782608695652,,79.34782608695652,81.52173913043478,88.04347826086956
01400010933010,47384.72222222222,2010.0,32.0,0.0,10.0,1.67,14.8,13.92,13.0,3.0,22.0,13.0,,,,,2.91,8.0,8.0,11.0,8.0,0.0,31.25,23.07692307692308,,,,,61.53846153846154,84.61538461538461,61.53846153846154
01400010933010,47384.72222222222,2020.0,39.0,0.0,13.0,0.81,15.31,15.0,18.0,9.0,38.0,18.0,13.0,17.0,12.0,,3.0,11.0,10.0,12.0,13.0,0.0,33.33333333333333,50.0,72.2222222222222,94.44444444444444,66.66666666666666,,55.555555555555564,66.66666666666666,72.2222222222222
01400010948002,30693.069306930694,2010.0,466.0,9.0,72.0,1.29,14.29,13.88,225.0,119.0,287.0,215.0,,,,,2.58,120.0,122.0,142.0,136.0,1.9313304721030045,15.450643776824036,52.88888888888889,,,,,56.74418604651162,66.04651162790698,63.25581395348837
01400010948002,30693.069306930694,2020.0,502.0,4.0,106.0,0.95,15.21,14.88,299.0,150.0,415.0,232.0,205.0,209.0,182.0,,2.45,154.0,147.0,183.0,194.0,0.796812749003984,21.115537848605573,50.167224080267566,88.36206896551724,90.08620689655173,78.44827586206897,,63.362068965517246,78.8793103448276,83.6206896551724
01400010948005,34821.42857142857,2010.0,379.0,12.0,54.0,1.17,14.68,14.12,174.0,76.0,249.0,197.0,,,,,2.3,88.0,128.0,126.0,116.0,3.16622691292876,14.248021108179419,43.678160919540225,,,,,64.97461928934011,63.959390862944176,58.88324873096447
01400010948005,34821.42857142857,2020.0,447.0,11.0,102.0,1.08,15.26,14.78,245.0,120.0,359.0,196.0,188.0,165.0,157.0,0.0,2.38,139.0,149.0,156.0,176.0,2.460850111856823,22.81879194630873,48.979591836734684,95.91836734693877,84.18367346938777,80.10204081632651,0.0,76.0204081632653,79.59183673469387,89.79591836734693
01400010952001,48083.074560085486,2010.0,1665.0,67.0,162.0,1.53,13.56,13.34,700.0,314.0,1078.0,564.0,,,,,3.16,358.0,353.0,371.0,346.0,4.024024024024024,9.72972972972973,44.85714285714285,,,,,62.588652482269495,65.78014184397163,61.34751773049646
01400010952001,48083.074560085486,2020.0,1477.0,49.0,266.0,1.44,13.91,13.56,795.0,382.0,1233.0,486.0,460.0,374.0,348.0,3.0,3.21,368.0,342.0,384.0,426.0,3.3175355450236967,18.00947867298578,48.05031446540879,94.65020576131687,76.95473251028807,71.60493827160494,0.6172839506172839,70.37037037037038,79.01234567901234,87.6543209876543
01400010952006,28404.66926070039,2010.0,404.0,13.0,64.0,1.64,11.89,11.53,208.0,94.0,252.0,146.0,,,,,2.97,79.0,70.0,85.0,78.0,3.2178217821782185,15.84158415841584,45.19230769230769,,,,,47.94520547945205,58.21917808219178,53.42465753424658
01400010952006,28404.66926070039,2020.0,1100.0,27.0,159.0,1.19,14.22,13.99,680.0,343.0,926.0,471.0,423.0,453.0,405.0,14.0,2.6,304.0,319.0,357.0,396.0,2.4545454545454546,14.454545454545453,50.441176470588225,89.80891719745225,96.17834394904459,85.9872611464968,2.9723991507431,67.72823779193206,75.79617834394905,84.07643312101911
01400010952008,21675.77413479053,2010.0,208.0,6.0,29.0,1.67,11.25,11.03,93.0,41.0,135.0,63.0,,,,,3.55,36.0,29.0,33.0,28.0,2.8846153846153846,13.942307692307693,44.08602150537634,,,,,46.03174603174603,52.38095238095239,44.444444444444436
01400010952008,21675.77413479053,2020.0,139.0,,37.0,1.72,11.93,11.56,90.0,42.0,111.0,50.0,44.0,50.0,44.0,,3.16,23.0,24.0,32.0,37.0,,26.618705035971228,46.66666666666666,88.0,100.0,88.0,,48.0,64.0,74.0
01400010967001,39438.40579710145,2010.0,433.0,21.0,40.0,1.85,11.04,10.4,225.0,111.0,274.0,135.0,,,,,3.46,84.0,70.0,75.0,68.0,4.849884526558892,9.237875288683602,49.33333333333334,,,,,51.851851851851855,55.555555555555564,50.37037037037037
01400010967001,39438.40579710145,2020.0,420.0,15.0,73.0,1.61,11.68,11.13,237.0,113.0,300.0,130.0,115.0,130.0,115.0,4.0,3.65,81.0,64.0,79.0,97.0,3.571428571428571,17.38095238095238,47.67932489451477,88.46153846153845,100.0,88.46153846153845,3.0769230769230766,49.230769230769226,60.769230769230774,74.61538461538461
01400010986001,43620.68965517241,2010.0,290.0,5.0,44.0,1.23,14.77,14.09,154.0,88.0,209.0,115.0,,,,,2.74,60.0,77.0,80.0,73.0,1.7241379310344829,15.172413793103447,57.14285714285714,,,,,66.95652173913044,69.56521739130434,63.47826086956522
01400010986001,43620.68965517241,2020.0,293.0,8.0,63.0,1.27,15.23,14.86,158.0,68.0,226.0,135.0,114.0,130.0,109.0,12.0,2.57,83.0,97.0,103.0,107.0,2.7303754266211606,21.50170648464164,43.03797468354431,84.44444444444444,96.29629629629628,80.74074074074075,8.888888888888891,71.85185185185186,76.2962962962963,79.25925925925927
01400010986015,58700.0,2010.0,157.0,,31.0,1.14,13.82,13.69,81.0,43.0,114.0,68.0,,,,,2.75,39.0,50.0,44.0,40.0,,19.745222929936308,53.086419753086425,,,,,73.52941176470588,64.70588235294117,58.82352941176471
01400010986015,58700.0,2020.0,434.0,15.0,86.0,1.1,14.91,14.68,223.0,110.0,356.0,183.0,156.0,141.0,114.0,,2.78,123.0,136.0,142.0,149.0,3.4562211981566824,19.815668202764982,49.327354260089685,85.24590163934425,77.04918032786884,62.295081967213115,,74.31693989071039,77.59562841530055,81.4207650273224
01400010986017,39933.333333333336,2010.0,142.0,4.0,34.0,1.89,14.27,13.72,66.0,25.0,96.0,60.0,,,,,2.43,36.0,47.0,40.0,38.0,2.8169014084507045,23.943661971830984,37.87878787878788,,,,,78.33333333333333,66.66666666666666,63.33333333333333
01400010986017,39933.333333333336,2020.0,200.0,4.0,47.0,1.13,14.67,14.52,119.0,58.0,171.0,80.0,78.0,78.0,76.0,0.0,2.56,61.0,63.0,69.0,73.0,2.0,23.5,48.73949579831933,97.5,97.5,95.0,0.0,78.75,86.25,91.25
01400010990004,37096.40803148017,2010.0,192.0,5.0,31.0,1.65,13.34,12.69,96.0,49.0,122.0,77.0,,,,,2.91,38.0,38.0,46.0,40.0,2.604166666666667,16.145833333333336,51.04166666666666,,,,,49.35064935064935,59.740259740259745,51.94805194805194
01400010990004,37096.40803148017,2020.0,179.0,3.0,42.0,1.17,14.18,13.67,92.0,47.0,135.0,87.0,73.0,84.0,70.0,7.0,2.45,44.0,41.0,60.0,63.0,1.675977653631285,23.463687150837988,51.08695652173913,83.9080459770115,96.55172413793105,80.45977011494253,8.045977011494253,47.12643678160919,68.96551724137932,72.41379310344827
01400010990018,27480.0,2010.0,375.0,14.0,46.0,1.55,11.23,10.74,164.0,76.0,219.0,136.0,,,,,2.9,59.0,50.0,69.0,57.0,3.733333333333334,12.266666666666666,46.34146341463415,,,,,36.76470588235294,50.735294117647065,41.911764705882355
01400010990018,27480.0,2020.0,429.0,11.0,80.0,1.31,12.49,11.96,260.0,125.0,324.0,161.0,150.0,158.0,147.0,0.0,2.86,87.0,60.0,107.0,114.0,2.564102564102564,18.64801864801865,48.07692307692307,93.16770186335405,98.13664596273293,91.30434782608695,0.0,37.267080745341616,66.45962732919256,70.80745341614906
01400011005005,27333.333333333332,2010.0,212.0,6.0,29.0,1.61,14.46,14.12,121.0,54.0,163.0,92.0,,,,,2.49,54.0,66.0,69.0,59.0,2.8301886792452837,13.679245283018869,44.628099173553714,,,,,71.73913043478261,75.0,64.13043478260869
01400011005005,27333.333333333332,2020.0,314.0,6.0,60.0,1.19,14.53,14.46,192.0,97.0,240.0,124.0,119.0,100.0,95.0,0.0,2.64,85.0,93.0,99.0,114.0,1.9108280254777068,19.10828025477707,50.52083333333334,95.96774193548387,80.64516129032258,76.61290322580646,0.0,75.0,79.83870967741935,91.93548387096773
01400011005012,15000.0,2010.0,88.0,5.0,11.0,1.49,14.09,14.24,39.0,18.0,83.0,31.0,,,,,2.93,22.0,25.0,26.0,24.0,5.6818181818181825,12.5,46.153846153846146,,,,,80.64516129032258,83.87096774193549,77.4193548387097
01400011005012,15000.0,2020.0,99.0,,18.0,1.51,14.56,14.12,55.0,30.0,85.0,41.0,35.0,41.0,35.0,,2.83,29.0,30.0,31.0,34.0,,18.181818181818183,54.54545454545454,85.36585365853658,100.0,85.36585365853658,,73.17073170731706,75.60975609756099,82.92682926829268
0140001101A016,43379.12087912088,2010.0,260.0,5.0,53.0,1.37,13.94,13.52,138.0,70.0,175.0,129.0,,,,,2.73,89.0,69.0,77.0,73.0,1.9230769230769231,20.384615384615387,50.72463768115942,,,,,53.48837209302325,59.68992248062015,56.58914728682171
0140001101A016,43379.12087912088,2020.0,200.0,7.0,46.0,1.32,14.78,14.37,118.0,58.0,133.0,126.0,86.0,124.0,84.0,,2.33,49.0,62.0,69.0,79.0,3.5000000000000004,23.0,49.152542372881356,68.25396825396825,98.4126984126984,66.66666666666666,,49.2063492063492,54.76190476190477,62.6984126984127
0140001101A021,41428.57142857143,2010.0,250.0,4.0,35.0,1.36,12.47,12.02,116.0,57.0,167.0,103.0,,,,,3.09,52.0,48.0,60.0,47.0,1.6,14.000000000000002,49.13793103448275,,,,,46.60194174757282,58.25242718446602,45.631067961165044
0140001101A021,41428.57142857143,2020.0,107.0,0.0,27.0,0.91,14.3,14.83,61.0,27.0,81.0,47.0,46.0,47.0,46.0,0.0,2.33,45.0,28.0,34.0,39.0,0.0,25.233644859813083,44.26229508196721,97.87234042553192,100.0,97.87234042553192,0.0,59.57446808510638,72.3404255319149,82.97872340425532
