id,Price_m2,tiempo,pobtot,p_0a2,p_60ymas,prom_hnv,graproes,graproes_f,pocupada,pocupada_f,pder_ss,vivtot,tvivhab,tvivpar,vivpar_hab,vivpar_ut,prom_ocup,vph_2ymasd,vph_autom,vph_pc,vph_inter,pct_0a2,pct_60,pct_wf,pct_t_inhab_hh,pct_privhh,pct_privhh_inhab,pct_hhtemp,pct_hh_car,pct_hh_pc,pct_hh_int
00500010101014,747.556350626118,2010.0,151.0,9.0,16.0,2.45,8.55,8.24,52.0,12.0,98.0,38.0,,,,,4.03,22.0,11.0,12.0,7.0,5.960264900662253,10.596026490066226,23.07692307692308,,,,,28.947368421052637,31.578947368421048,18.421052631578945
00500010101014,747.556350626118,2020.0,129.0,,18.0,2.21,8.84,8.47,61.0,22.0,88.0,38.0,38.0,38.0,38.0,0.0,3.39,13.0,10.0,7.0,20.0,,13.953488372093025,36.065573770491795,100.0,100.0,100.0,0.0,26.315789473684212,18.421052631578945,52.631578947368425
00500010101027,10822.510822510823,2010.0,4.0,,,,,,,,,2.0,,,,,,,,,,,,,,,,,,,
00500010101027,10822.510822510823,2020.0,11.0,0.0,0.0,1.57,10.64,11.14,4.0,3.0,8.0,5.0,3.0,5.0,3.0,,3.67,,,3.0,3.0,0.0,0.0,75.0,60.0,100.0,60.0,,,60.0,60.0
00500010385016,5395.3,2010.0,90.0,,11.0,1.93,8.11,7.59,33.0,14.0,52.0,29.0,,,,,3.33,16.0,8.0,5.0,,,12.222222222222221,42.42424242424242,,,,,27.58620689655172,17.24137931034483,
00500010385016,5395.3,2020.0,89.0,,28.0,1.82,9.88,8.94,54.0,25.0,52.0,32.0,29.0,32.0,29.0,,3.07,12.0,9.0,7.0,16.0,,31.460674157303373,46.2962962962963,90.625,100.0,90.625,,28.125,21.875,50.0
0050001039A003,11394.99686716792,2010.0,153.0,,30.0,1.51,14.03,13.43,74.0,27.0,103.0,54.0,,,,,3.19,42.0,44.0,37.0,33.0,,19.607843137254907,36.48648648648648,,,,,81.48148148148148,68.51851851851852,61.111111111111114
0050001039A003,11394.99686716792,2020.0,170.0,,51.0,1.58,14.2,13.73,68.0,32.0,118.0,61.0,55.0,59.0,53.0,0.0,3.09,48.0,46.0,47.0,49.0,,30.0,47.058823529411754,90.1639344262295,96.72131147540985,86.88524590163935,0.0,75.40983606557377,77.04918032786884,80.327868852459
0050001039A007,4777.777777777777,2010.0,132.0,,32.0,1.65,14.14,13.8,59.0,24.0,111.0,46.0,,,,,3.3,38.0,34.0,34.0,28.0,,24.24242424242424,40.67796610169492,,,,,73.91304347826086,73.91304347826086,60.86956521739131
0050001039A007,4777.777777777777,2020.0,140.0,0.0,40.0,1.48,14.84,14.57,73.0,31.0,116.0,48.0,45.0,47.0,44.0,0.0,3.11,42.0,38.0,31.0,42.0,0.0,28.57142857142857,42.46575342465753,93.75,97.91666666666666,91.66666666666666,0.0,79.16666666666666,64.58333333333334,87.5
0050001039A018,9375.0,2010.0,156.0,3.0,32.0,1.49,14.14,13.22,67.0,22.0,99.0,49.0,,,,,3.48,32.0,42.0,36.0,30.0,1.9230769230769231,20.51282051282051,32.83582089552239,,,,,85.71428571428571,73.46938775510205,61.224489795918366
0050001039A018,9375.0,2020.0,156.0,4.0,45.0,1.7,14.42,13.91,72.0,26.0,104.0,55.0,49.0,54.0,48.0,,3.18,39.0,45.0,41.0,45.0,2.564102564102564,28.846153846153847,36.111111111111114,89.0909090909091,98.1818181818182,87.27272727272727,,81.81818181818183,74.54545454545455,81.81818181818183
00500010402003,11433.090384401938,2010.0,257.0,8.0,28.0,2.25,9.6,9.02,83.0,31.0,196.0,82.0,,,,,3.48,30.0,20.0,24.0,18.0,3.1128404669260696,10.894941634241247,37.34939759036144,,,,,24.39024390243902,29.268292682926827,21.951219512195124
00500010402003,11433.090384401938,2020.0,281.0,9.0,45.0,1.77,10.78,10.74,151.0,69.0,180.0,88.0,85.0,88.0,85.0,0.0,3.31,45.0,19.0,42.0,52.0,3.2028469750889683,16.014234875444842,45.6953642384106,96.5909090909091,100.0,96.5909090909091,0.0,21.59090909090909,47.72727272727273,59.09090909090909
00500010455007,10883.280757097791,2010.0,182.0,3.0,27.0,2.04,10.5,10.51,90.0,44.0,130.0,50.0,,,,,3.79,33.0,23.0,25.0,18.0,1.6483516483516485,14.835164835164836,48.88888888888889,,,,,46.0,50.0,36.0
00500010455007,10883.280757097791,2020.0,162.0,5.0,34.0,1.75,11.07,10.88,82.0,40.0,119.0,57.0,53.0,57.0,53.0,0.0,3.06,40.0,22.0,33.0,42.0,3.08641975308642,20.987654320987648,48.78048780487804,92.98245614035088,100.0,92.98245614035088,0.0,38.59649122807017,57.894736842105274,73.68421052631578
00500010455022,7702.3498694516975,2010.0,146.0,7.0,16.0,1.95,10.29,9.95,57.0,19.0,79.0,48.0,,,,,3.91,20.0,14.0,13.0,11.0,4.794520547945205,10.958904109589039,33.33333333333333,,,,,29.16666666666667,27.08333333333333,22.916666666666664
00500010455022,7702.3498694516975,2020.0,162.0,6.0,23.0,1.87,10.95,11.37,78.0,31.0,119.0,51.0,48.0,49.0,46.0,0.0,3.38,30.0,15.0,24.0,29.0,3.7037037037037033,14.197530864197528,39.74358974358975,94.11764705882351,96.07843137254902,90.19607843137257,0.0,29.411764705882355,47.058823529411754,56.862745098039206
00500010525014,35384.61538461538,2010.0,159.0,3.0,26.0,1.9,13.45,12.81,74.0,32.0,99.0,45.0,,,,,3.9,38.0,39.0,37.0,33.0,1.8867924528301887,16.352201257861633,43.24324324324325,,,,,86.66666666666669,82.2222222222222,73.33333333333333
00500010525014,35384.61538461538,2020.0,151.0,0.0,38.0,1.9,13.34,12.48,71.0,29.0,132.0,46.0,40.0,46.0,40.0,0.0,3.78,35.0,39.0,37.0,39.0,0.0,25.16556291390729,40.84507042253522,86.95652173913044,100.0,86.95652173913044,0.0,84.78260869565217,80.43478260869566,84.78260869565217
00500010582001,17718.521196782065,2010.0,128.0,3.0,28.0,2.17,13.27,12.79,55.0,25.0,84.0,35.0,,,,,3.79,27.0,27.0,20.0,19.0,2.34375,21.875,45.45454545454545,,,,,77.14285714285717,57.14285714285714,54.28571428571429
00500010582001,17718.521196782065,2020.0,216.0,,48.0,1.23,13.92,13.49,107.0,48.0,186.0,74.0,67.0,66.0,59.0,4.0,3.22,44.0,45.0,50.0,59.0,,22.222222222222218,44.85981308411215,90.54054054054052,89.18918918918921,79.72972972972974,5.405405405405406,60.81081081081082,67.56756756756756,79.72972972972974
00500010597003,13486.486486486487,2010.0,106.0,,3.0,1.32,10.44,10.21,51.0,24.0,86.0,29.0,,,,,3.66,25.0,25.0,19.0,12.0,,2.8301886792452837,47.058823529411754,,,,,86.20689655172413,65.51724137931035,41.379310344827594
00500010597003,13486.486486486487,2020.0,176.0,8.0,21.0,1.68,11.12,10.89,82.0,33.0,136.0,46.0,44.0,46.0,44.0,,4.0,30.0,20.0,20.0,31.0,4.545454545454546,11.931818181818182,40.2439024390244,95.65217391304348,100.0,95.65217391304348,,43.47826086956522,43.47826086956522,67.3913043478261
00500010597019,17475.0,2010.0,676.0,30.0,83.0,2.07,10.29,9.9,264.0,102.0,542.0,207.0,,,,,3.56,112.0,82.0,95.0,68.0,4.437869822485207,12.278106508875739,38.63636363636363,,,,,39.613526570048315,45.893719806763286,32.850241545893724
00500010597019,17475.0,2020.0,685.0,17.0,119.0,1.72,11.28,11.04,331.0,140.0,536.0,234.0,208.0,234.0,208.0,6.0,3.29,129.0,90.0,119.0,165.0,2.4817518248175183,17.372262773722632,42.296072507552864,88.8888888888889,100.0,88.8888888888889,2.564102564102564,38.46153846153847,50.85470085470085,70.51282051282051
0050001060A018,20029.67359050445,2010.0,125.0,,15.0,1.23,14.41,14.05,51.0,21.0,93.0,41.0,,,,,3.13,30.0,30.0,36.0,30.0,,12.0,41.17647058823529,,,,,73.17073170731706,87.8048780487805,73.17073170731706
0050001060A018,20029.67359050445,2020.0,118.0,,25.0,1.37,14.82,14.58,57.0,29.0,81.0,46.0,39.0,46.0,39.0,,3.03,34.0,26.0,30.0,37.0,,21.1864406779661,50.877192982456144,84.78260869565217,100.0,84.78260869565217,,56.52173913043478,65.21739130434783,80.43478260869566
00500010633006,32083.333333333332,2010.0,102.0,,20.0,1.67,13.82,13.59,38.0,21.0,66.0,25.0,,,,,4.08,23.0,17.0,18.0,16.0,,19.607843137254907,55.26315789473685,,,,,68.0,72.0,64.0
00500010633006,32083.333333333332,2020.0,87.0,0.0,32.0,1.5,13.46,12.73,40.0,20.0,74.0,25.0,22.0,25.0,22.0,3.0,3.95,19.0,18.0,17.0,21.0,0.0,36.7816091954023,50.0,88.0,100.0,88.0,12.0,72.0,68.0,84.0
00500010722007,4708.730158730159,2010.0,63.0,,14.0,1.41,13.42,12.84,31.0,17.0,53.0,19.0,,,,,3.5,17.0,16.0,16.0,14.0,,22.222222222222218,54.838709677419345,,,,,84.21052631578947,84.21052631578947,73.68421052631578
00500010722007,4708.730158730159,2020.0,44.0,0.0,18.0,1.65,15.06,14.76,23.0,9.0,39.0,19.0,17.0,18.0,16.0,,2.59,14.0,15.0,16.0,16.0,0.0,40.90909090909091,39.130434782608695,89.47368421052632,94.73684210526315,84.21052631578947,,78.94736842105263,84.21052631578947,84.21052631578947
00500010722008,27347.560975609755,2010.0,223.0,5.0,60.0,1.69,13.41,12.53,114.0,50.0,148.0,76.0,,,,,3.23,59.0,58.0,56.0,46.0,2.242152466367713,26.90582959641256,43.85964912280701,,,,,76.31578947368422,73.68421052631578,60.526315789473685
00500010722008,27347.560975609755,2020.0,185.0,4.0,50.0,1.37,13.12,12.6,120.0,57.0,114.0,73.0,61.0,72.0,60.0,0.0,3.03,55.0,46.0,52.0,56.0,2.1621621621621623,27.02702702702703,47.5,83.56164383561644,98.63013698630137,82.1917808219178,0.0,63.01369863013698,71.23287671232877,76.71232876712328
00500010737003,31575.0,2010.0,125.0,3.0,21.0,1.25,14.74,14.4,58.0,24.0,88.0,37.0,,,,,3.57,29.0,34.0,29.0,28.0,2.4,16.8,41.379310344827594,,,,,91.8918918918919,78.37837837837837,75.67567567567569
00500010737003,31575.0,2020.0,124.0,6.0,26.0,1.41,13.88,13.47,63.0,32.0,83.0,35.0,32.0,35.0,32.0,3.0,3.88,31.0,30.0,30.0,31.0,4.838709677419356,20.967741935483872,50.79365079365079,91.42857142857143,100.0,91.42857142857143,8.571428571428571,85.71428571428571,85.71428571428571,88.57142857142857
00500010737005,27907.627329344414,,,,,,,,,,,,,,,,,,,,,,,,,,,,,,
00500010737006,27906.976744186046,2010.0,224.0,,38.0,1.66,14.02,13.6,89.0,36.0,131.0,73.0,,,,,3.46,58.0,58.0,52.0,46.0,,16.964285714285715,40.44943820224719,,,,,79.45205479452055,71.23287671232877,63.01369863013698
00500010737006,27906.976744186046,2020.0,211.0,,60.0,1.53,14.62,14.12,96.0,39.0,122.0,77.0,68.0,77.0,68.0,4.0,3.1,60.0,63.0,63.0,64.0,,28.43601895734597,40.625,88.31168831168831,100.0,88.31168831168831,5.194805194805196,81.81818181818183,81.81818181818183,83.11688311688313
00500010737007,17887.37472766885,2010.0,158.0,3.0,34.0,1.39,13.34,12.78,81.0,39.0,124.0,64.0,,,,,2.82,45.0,53.0,44.0,42.0,1.89873417721519,21.518987341772156,48.148148148148145,,,,,82.8125,68.75,65.625
00500010737007,17887.37472766885,2020.0,179.0,5.0,51.0,1.32,14.11,13.57,94.0,51.0,144.0,72.0,66.0,72.0,66.0,,2.71,56.0,56.0,57.0,64.0,2.793296089385475,28.49162011173184,54.255319148936174,91.66666666666666,100.0,91.66666666666666,,77.7777777777778,79.16666666666666,88.8888888888889
00500010737010,27500.0,2010.0,254.0,6.0,54.0,1.76,13.43,12.59,111.0,48.0,181.0,75.0,,,,,3.59,56.0,63.0,57.0,53.0,2.3622047244094486,21.25984251968504,43.24324324324325,,,,,84.0,76.0,70.66666666666667
00500010737010,27500.0,2020.0,205.0,,66.0,1.4,15.28,14.62,117.0,58.0,137.0,79.0,69.0,79.0,69.0,0.0,2.97,64.0,61.0,60.0,66.0,,32.19512195121951,49.572649572649574,87.34177215189872,100.0,87.34177215189872,0.0,77.21518987341773,75.9493670886076,83.54430379746836
00500010737018,21381.322957198445,2010.0,161.0,3.0,27.0,1.84,13.55,12.86,72.0,31.0,118.0,52.0,,,,,3.55,34.0,39.0,33.0,32.0,1.8633540372670807,16.770186335403732,43.055555555555564,,,,,75.0,63.46153846153846,61.53846153846154
00500010737018,21381.322957198445,2020.0,134.0,4.0,36.0,1.78,14.1,13.49,62.0,25.0,110.0,48.0,42.0,48.0,42.0,3.0,3.19,35.0,38.0,36.0,41.0,2.985074626865672,26.865671641791053,40.32258064516129,87.5,100.0,87.5,6.25,79.16666666666666,75.0,85.41666666666666
00500010741001,4448.553333333333,2010.0,184.0,7.0,29.0,1.82,13.72,13.54,94.0,44.0,123.0,58.0,,,,,3.41,46.0,38.0,35.0,46.0,3.804347826086957,15.760869565217392,46.80851063829788,,,,,65.51724137931035,60.3448275862069,79.3103448275862
00500010741001,4448.553333333333,2020.0,180.0,,47.0,1.66,14.12,13.61,102.0,47.0,115.0,60.0,55.0,60.0,55.0,,3.27,52.0,52.0,46.0,51.0,,26.11111111111111,46.07843137254902,91.66666666666666,100.0,91.66666666666666,,86.66666666666669,76.66666666666667,85.0
00500010741002,27960.526315789473,2010.0,100.0,,23.0,1.73,12.84,12.26,49.0,21.0,58.0,41.0,,,,,2.78,22.0,27.0,25.0,22.0,,23.0,42.857142857142854,,,,,65.85365853658537,60.97560975609756,53.65853658536586
00500010741002,27960.526315789473,2020.0,103.0,,30.0,1.75,13.5,12.76,48.0,23.0,70.0,38.0,30.0,37.0,29.0,0.0,3.43,25.0,27.0,25.0,28.0,,29.12621359223301,47.91666666666667,78.94736842105263,97.36842105263158,76.31578947368422,0.0,71.05263157894737,65.78947368421053,73.68421052631578
00500010741004,28547.854785478547,2010.0,65.0,0.0,17.0,0.83,14.15,14.1,43.0,30.0,29.0,21.0,,,,,2.8,11.0,15.0,15.0,15.0,0.0,26.15384615384616,69.76744186046511,,,,,71.42857142857143,71.42857142857143,71.42857142857143
00500010741004,28547.854785478547,2020.0,75.0,,22.0,0.77,14.06,13.91,59.0,38.0,44.0,19.0,18.0,16.0,15.0,0.0,3.25,13.0,15.0,13.0,15.0,,29.33333333333333,64.40677966101694,94.73684210526315,84.21052631578947,78.94736842105263,0.0,78.94736842105263,68.42105263157895,78.94736842105263
00500010741005,15629.586174242422,2010.0,167.0,,31.0,1.54,13.57,12.99,80.0,37.0,117.0,68.0,,,,,2.83,46.0,51.0,48.0,45.0,,18.562874251497004,46.25,,,,,75.0,70.58823529411767,66.17647058823529
00500010741005,15629.586174242422,2020.0,204.0,8.0,44.0,1.38,14.67,14.22,116.0,51.0,135.0,70.0,61.0,67.0,58.0,,3.34,55.0,46.0,50.0,56.0,3.92156862745098,21.568627450980397,43.96551724137931,87.14285714285714,95.71428571428572,82.85714285714286,,65.71428571428571,71.42857142857143,80.0
00500010741013,2298.5424,2010.0,205.0,,44.0,1.65,13.85,13.09,96.0,43.0,127.0,61.0,,,,,3.66,46.0,48.0,42.0,38.0,,21.463414634146346,44.79166666666667,,,,,78.68852459016394,68.85245901639344,62.295081967213115
00500010741013,2298.5424,2020.0,151.0,3.0,55.0,1.65,13.5,12.67,74.0,32.0,126.0,62.0,58.0,61.0,57.0,,2.6,41.0,47.0,51.0,54.0,1.9867549668874172,36.423841059602644,43.24324324324325,93.54838709677419,98.38709677419355,91.93548387096773,,75.80645161290323,82.25806451612904,87.09677419354837
00500010756011,31836.87363834423,2010.0,22.0,0.0,,1.63,13.83,10.86,12.0,3.0,15.0,4.0,,,,,5.0,,,,,0.0,,25.0,,,,,,,
00500010756011,31836.87363834423,2020.0,145.0,6.0,22.0,0.95,16.16,15.86,90.0,39.0,119.0,198.0,65.0,191.0,58.0,25.0,2.14,39.0,58.0,54.0,58.0,4.137931034482759,15.172413793103447,43.33333333333334,32.82828282828283,96.46464646464645,29.292929292929287,12.626262626262625,29.292929292929287,27.27272727272727,29.292929292929287
00500010794012,10924.36974789916,2010.0,177.0,5.0,19.0,2.02,10.56,10.78,76.0,35.0,131.0,51.0,,,,,3.69,33.0,31.0,22.0,12.0,2.824858757062147,10.734463276836157,46.05263157894736,,,,,60.784313725490186,43.137254901960794,23.529411764705877
00500010794012,10924.36974789916,2020.0,153.0,6.0,33.0,1.77,11.49,11.32,72.0,29.0,127.0,44.0,43.0,44.0,43.0,0.0,3.56,31.0,23.0,25.0,29.0,3.92156862745098,21.568627450980397,40.27777777777778,97.72727272727272,100.0,97.72727272727272,0.0,52.27272727272727,56.81818181818182,65.9090909090909
00500010845009,10174.81111111111,2010.0,16.0,,3.0,1.33,10.91,11.25,6.0,,16.0,4.0,,,,,4.0,,,,,,18.75,,,,,,,,
00500010845009,10174.81111111111,2020.0,4.0,,,,,,,,,1.0,1.0,,,,,,,,,,,,100.0,,,,,,
00500010845011,11900.0,2010.0,327.0,10.0,37.0,2.03,9.27,9.34,133.0,53.0,201.0,88.0,,,,,3.77,46.0,23.0,25.0,15.0,3.058103975535168,11.314984709480123,39.849624060150376,,,,,26.13636363636364,28.40909090909091,17.045454545454547
00500010845011,11900.0,2020.0,330.0,8.0,64.0,1.92,10.6,10.66,165.0,73.0,254.0,99.0,94.0,98.0,93.0,,3.51,59.0,34.0,37.0,59.0,2.4242424242424243,19.393939393939394,44.24242424242424,94.94949494949495,98.989898989899,93.93939393939394,,34.34343434343434,37.373737373737384,59.5959595959596
0050001092A009,54516.12903225807,2010.0,108.0,4.0,18.0,1.45,12.31,11.94,44.0,27.0,73.0,31.0,,,,,3.72,27.0,21.0,21.0,16.0,3.7037037037037033,16.666666666666664,61.36363636363637,,,,,67.74193548387096,67.74193548387096,51.612903225806456
0050001092A009,54516.12903225807,2020.0,90.0,4.0,13.0,1.55,13.71,13.29,48.0,20.0,73.0,32.0,30.0,32.0,30.0,,3.0,29.0,11.0,28.0,29.0,4.4444444444444455,14.444444444444445,41.66666666666667,93.75,100.0,93.75,,34.375,87.5,90.625
00500010934018,3267.807142857143,2010.0,30.0,0.0,9.0,1.5,13.07,11.06,19.0,10.0,23.0,9.0,,,,,3.33,8.0,9.0,8.0,8.0,0.0,30.0,52.631578947368425,,,,,100.0,88.8888888888889,88.8888888888889
00500010934018,3267.807142857143,2020.0,21.0,0.0,11.0,1.33,15.95,15.42,12.0,5.0,21.0,10.0,10.0,10.0,10.0,0.0,2.1,10.0,10.0,10.0,10.0,0.0,52.38095238095239,41.66666666666667,100.0,100.0,100.0,0.0,100.0,100.0,100.0
00500010949007,22644.074624968216,2010.0,149.0,4.0,42.0,1.64,14.14,13.17,40.0,16.0,133.0,54.0,,,,,3.04,42.0,42.0,42.0,36.0,2.684563758389262,28.187919463087248,40.0,,,,,77.7777777777778,77.7777777777778,66.66666666666666
00500010949007,22644.074624968216,2020.0,120.0,,35.0,1.29,13.91,12.9,61.0,26.0,97.0,46.0,43.0,46.0,43.0,,2.79,38.0,39.0,41.0,40.0,,29.16666666666667,42.622950819672134,93.47826086956522,100.0,93.47826086956522,,84.78260869565217,89.13043478260867,86.95652173913044
00500010949013,21156.558533145275,2010.0,99.0,0.0,33.0,1.56,13.38,12.66,45.0,22.0,66.0,35.0,,,,,3.09,30.0,29.0,28.0,24.0,0.0,33.33333333333333,48.88888888888889,,,,,82.85714285714286,80.0,68.57142857142857
00500010949013,21156.558533145275,2020.0,90.0,,36.0,1.43,14.13,13.63,42.0,19.0,67.0,35.0,27.0,35.0,27.0,0.0,3.33,19.0,22.0,21.0,25.0,,40.0,45.23809523809525,77.14285714285717,100.0,77.14285714285717,0.0,62.85714285714285,60.0,71.42857142857143
00500010953003,12648.56553911205,2010.0,61.0,0.0,14.0,1.36,13.63,12.31,28.0,11.0,31.0,21.0,,,,,3.21,15.0,14.0,12.0,9.0,0.0,22.950819672131143,39.285714285714285,,,,,66.66666666666666,57.14285714285714,42.857142857142854
00500010953003,12648.56553911205,2020.0,60.0,,16.0,1.43,14.55,13.85,33.0,15.0,41.0,30.0,22.0,30.0,22.0,0.0,2.73,18.0,15.0,18.0,17.0,,26.66666666666667,45.45454545454545,73.33333333333333,100.0,73.33333333333333,0.0,50.0,60.0,56.66666666666666
00500010953016,12401.443691397519,2010.0,192.0,9.0,40.0,1.79,13.41,12.59,85.0,31.0,144.0,61.0,,,,,3.37,46.0,56.0,50.0,48.0,4.6875,20.833333333333336,36.470588235294116,,,,,91.80327868852459,81.96721311475409,78.68852459016394
00500010953016,12401.443691397519,2020.0,101.0,,25.0,1.7,15.74,15.17,82.0,35.0,96.0,54.0,49.0,54.0,49.0,,2.06,48.0,48.0,48.0,48.0,,24.752475247524753,42.68292682926829,90.74074074074076,100.0,90.74074074074076,,88.8888888888889,88.8888888888889,88.8888888888889
00500010953019,5378.358419669425,2010.0,92.0,3.0,27.0,1.15,13.61,13.06,36.0,16.0,55.0,28.0,,,,,3.12,22.0,22.0,21.0,21.0,3.260869565217391,29.347826086956523,44.444444444444436,,,,,78.57142857142857,75.0,75.0
00500010953019,5378.358419669425,2020.0,89.0,0.0,39.0,1.23,13.26,12.77,53.0,27.0,65.0,30.0,27.0,29.0,26.0,0.0,3.23,23.0,19.0,20.0,21.0,0.0,43.820224719101134,50.9433962264151,90.0,96.66666666666669,86.66666666666669,0.0,63.33333333333333,66.66666666666666,70.0
00500010953020,31250.0,2010.0,114.0,,22.0,1.72,13.28,12.65,48.0,19.0,63.0,35.0,,,,,3.36,31.0,32.0,28.0,28.0,,19.298245614035086,39.58333333333333,,,,,91.42857142857143,80.0,80.0
00500010953020,31250.0,2020.0,58.0,,16.0,1.58,14.56,13.46,53.0,22.0,51.0,38.0,34.0,38.0,34.0,0.0,1.71,33.0,32.0,34.0,34.0,,27.58620689655172,41.509433962264154,89.47368421052632,100.0,89.47368421052632,0.0,84.21052631578947,89.47368421052632,89.47368421052632
00500010953021,22625.698324022345,2010.0,57.0,0.0,22.0,1.96,13.45,13.0,27.0,10.0,29.0,18.0,,,,,3.56,13.0,14.0,11.0,10.0,0.0,38.59649122807017,37.03703703703704,,,,,77.7777777777778,61.111111111111114,55.555555555555564
00500010953021,22625.698324022345,2020.0,26.0,,6.0,1.58,14.76,14.58,21.0,8.0,21.0,19.0,17.0,19.0,17.0,0.0,1.53,17.0,15.0,17.0,17.0,,23.07692307692308,38.095238095238095,89.47368421052632,100.0,89.47368421052632,0.0,78.94736842105263,89.47368421052632,89.47368421052632
00500010968005,13239.713636363636,2010.0,116.0,3.0,11.0,1.76,13.98,13.3,52.0,22.0,75.0,46.0,,,,,3.14,35.0,35.0,34.0,33.0,2.586206896551724,9.482758620689657,42.307692307692314,,,,,76.08695652173914,73.91304347826086,71.73913043478261
00500010968005,13239.713636363636,2020.0,154.0,3.0,22.0,1.27,14.11,13.79,86.0,39.0,106.0,48.0,44.0,47.0,43.0,,3.5,40.0,41.0,40.0,42.0,1.9480519480519483,14.285714285714285,45.34883720930232,91.66666666666666,97.91666666666666,89.58333333333334,,85.41666666666666,83.33333333333334,87.5
00500010968008,2815.8568464730292,2010.0,55.0,0.0,24.0,0.6,11.67,10.72,14.0,8.0,38.0,7.0,,,,,4.17,6.0,6.0,6.0,6.0,0.0,43.63636363636363,57.14285714285714,,,,,85.71428571428571,85.71428571428571,85.71428571428571
00500010968008,2815.8568464730292,2020.0,63.0,,18.0,0.91,14.66,14.38,42.0,23.0,52.0,21.0,18.0,20.0,17.0,,2.88,13.0,15.0,16.0,17.0,,28.57142857142857,54.76190476190477,85.71428571428571,95.23809523809523,80.95238095238095,,71.42857142857143,76.19047619047619,80.95238095238095
00500010968009,1706.0030769230768,2010.0,70.0,,13.0,1.42,13.29,13.17,29.0,15.0,40.0,24.0,,,,,3.5,16.0,18.0,17.0,17.0,,18.571428571428573,51.72413793103448,,,,,75.0,70.83333333333334,70.83333333333334
00500010968009,1706.0030769230768,2020.0,139.0,6.0,31.0,1.41,14.44,13.92,67.0,38.0,101.0,52.0,43.0,48.0,39.0,,3.23,41.0,31.0,35.0,39.0,4.316546762589929,22.302158273381295,56.71641791044776,82.69230769230771,92.30769230769229,75.0,,59.615384615384606,67.30769230769229,75.0
00500010968016,7616.92305764411,2010.0,72.0,0.0,12.0,1.44,14.89,14.51,36.0,15.0,55.0,42.0,,,,,3.0,20.0,23.0,19.0,20.0,0.0,16.666666666666664,41.66666666666667,,,,,54.76190476190477,45.23809523809525,47.61904761904761
00500010968016,7616.92305764411,2020.0,324.0,10.0,49.0,1.26,15.33,15.24,180.0,81.0,252.0,145.0,122.0,144.0,121.0,12.0,2.66,93.0,114.0,112.0,116.0,3.08641975308642,15.123456790123456,45.0,84.13793103448276,99.3103448275862,83.44827586206897,8.275862068965518,78.6206896551724,77.24137931034483,80.0
00500010968017,31144.781144781144,2010.0,52.0,,11.0,1.36,14.78,14.23,34.0,10.0,38.0,17.0,,,,,3.25,13.0,12.0,15.0,15.0,,21.153846153846157,29.411764705882355,,,,,70.58823529411767,88.23529411764706,88.23529411764706
00500010968017,31144.781144781144,2020.0,57.0,,15.0,1.09,15.18,14.59,31.0,11.0,37.0,25.0,19.0,25.0,19.0,,3.0,16.0,17.0,18.0,18.0,,26.315789473684212,35.483870967741936,76.0,100.0,76.0,,68.0,72.0,72.0
00500010972018,18750.0,2010.0,289.0,16.0,22.0,1.93,9.17,8.53,102.0,39.0,210.0,83.0,,,,,3.49,40.0,22.0,28.0,18.0,5.536332179930795,7.612456747404845,38.23529411764706,,,,,26.506024096385545,33.734939759036145,21.686746987951807
00500010972018,18750.0,2020.0,311.0,16.0,20.0,1.62,10.71,10.63,144.0,61.0,211.0,84.0,82.0,84.0,82.0,0.0,3.79,45.0,31.0,35.0,50.0,5.144694533762059,6.430868167202573,42.361111111111114,97.61904761904762,100.0,97.61904761904762,0.0,36.904761904761905,41.66666666666667,59.523809523809526
00500010987002,5991.483333333334,2010.0,122.0,,18.0,1.8,10.9,10.42,58.0,19.0,54.0,42.0,,,,,3.81,30.0,18.0,21.0,18.0,,14.754098360655734,32.75862068965517,,,,,42.857142857142854,50.0,42.857142857142854
00500010987002,5991.483333333334,2020.0,153.0,7.0,28.0,1.75,12.11,11.66,80.0,31.0,83.0,57.0,54.0,57.0,54.0,0.0,2.83,35.0,27.0,31.0,34.0,4.575163398692809,18.300653594771237,38.75,94.73684210526315,100.0,94.73684210526315,0.0,47.368421052631575,54.38596491228071,59.649122807017534
00500010987009,16586.53846153846,2010.0,271.0,11.0,23.0,2.18,9.67,9.35,113.0,38.0,170.0,81.0,,,,,3.48,39.0,20.0,17.0,11.0,4.059040590405904,8.487084870848706,33.628318584070804,,,,,24.691358024691358,20.987654320987648,13.580246913580249
00500010987009,16586.53846153846,2020.0,307.0,8.0,39.0,2.08,9.82,9.51,160.0,72.0,230.0,84.0,80.0,84.0,80.0,0.0,3.84,55.0,23.0,36.0,60.0,2.6058631921824107,12.703583061889253,45.0,95.23809523809523,100.0,95.23809523809523,0.0,27.380952380952387,42.857142857142854,71.42857142857143
00500011006012,14583.333333333334,2010.0,279.0,16.0,33.0,1.8,9.31,9.14,118.0,51.0,167.0,94.0,,,,,3.1,33.0,30.0,24.0,17.0,5.734767025089606,11.827956989247312,43.22033898305085,,,,,31.914893617021278,25.53191489361702,18.085106382978726
00500011006012,14583.333333333334,2020.0,221.0,12.0,49.0,1.53,10.97,10.39,127.0,60.0,143.0,76.0,67.0,76.0,67.0,,3.3,31.0,17.0,29.0,40.0,5.429864253393665,22.171945701357465,47.24409448818897,88.1578947368421,100.0,88.1578947368421,,22.36842105263158,38.15789473684211,52.631578947368425
00500011044020,7543.103448275862,2010.0,106.0,,22.0,2.13,9.98,9.56,47.0,19.0,62.0,32.0,,,,,3.66,20.0,12.0,10.0,6.0,,20.754716981132077,40.42553191489361,,,,,37.5,31.25,18.75
00500011044020,7543.103448275862,2020.0,123.0,6.0,26.0,1.9,11.46,11.14,59.0,31.0,82.0,34.0,33.0,34.0,33.0,0.0,3.73,20.0,15.0,16.0,26.0,4.878048780487805,21.138211382113823,52.54237288135593,97.05882352941177,100.0,97.05882352941177,0.0,44.11764705882353,47.058823529411754,76.47058823529412
00500011082017,30536.936936936938,2010.0,135.0,7.0,22.0,1.51,12.83,13.23,52.0,22.0,109.0,49.0,,,,,3.07,34.0,28.0,30.0,19.0,5.185185185185184,16.296296296296298,42.307692307692314,,,,,57.14285714285714,61.224489795918366,38.775510204081634
00500011082017,30536.936936936938,2020.0,182.0,4.0,35.0,1.51,13.17,13.1,88.0,42.0,144.0,60.0,57.0,56.0,53.0,0.0,3.19,39.0,31.0,37.0,48.0,2.1978021978021984,19.230769230769234,47.72727272727273,95.0,93.33333333333331,88.33333333333331,0.0,51.66666666666667,61.66666666666667,80.0
00500011082018,17943.107221006565,2010.0,162.0,5.0,23.0,1.54,11.18,11.3,73.0,27.0,79.0,54.0,,,,,3.45,31.0,26.0,28.0,25.0,3.08641975308642,14.197530864197528,36.98630136986301,,,,,48.148148148148145,51.851851851851855,46.2962962962963
00500011082018,17943.107221006565,2020.0,167.0,3.0,26.0,1.22,13.46,13.45,81.0,35.0,122.0,65.0,60.0,59.0,54.0,3.0,2.78,34.0,29.0,50.0,53.0,1.7964071856287425,15.568862275449105,43.209876543209866,92.30769230769229,90.76923076923076,83.07692307692308,4.615384615384616,44.61538461538462,76.92307692307693,81.53846153846153
00500011097013,23800.0,2010.0,132.0,0.0,27.0,1.21,14.06,13.66,61.0,29.0,92.0,56.0,,,,,2.87,36.0,38.0,31.0,30.0,0.0,20.454545454545453,47.540983606557376,,,,,67.85714285714286,55.35714285714286,53.57142857142857
00500011097013,23800.0,2020.0,116.0,,26.0,1.22,15.0,14.75,63.0,23.0,75.0,51.0,44.0,51.0,44.0,0.0,2.64,30.0,26.0,27.0,31.0,,22.41379310344828,36.507936507936506,86.27450980392156,100.0,86.27450980392156,0.0,50.98039215686275,52.941176470588246,60.784313725490186
0050001110A008,25542.4,2010.0,135.0,4.0,34.0,1.73,13.27,13.15,51.0,23.0,86.0,45.0,,,,,3.67,32.0,28.0,23.0,23.0,2.9629629629629632,25.185185185185183,45.098039215686285,,,,,62.22222222222222,51.11111111111111,51.11111111111111
0050001110A008,25542.4,2020.0,132.0,,34.0,1.41,14.3,14.29,79.0,43.0,100.0,45.0,37.0,45.0,37.0,5.0,3.57,32.0,28.0,28.0,31.0,,25.75757575757576,54.43037974683544,82.2222222222222,100.0,82.2222222222222,11.111111111111109,62.22222222222222,62.22222222222222,68.8888888888889
0050001110A023,4398.175416666666,2010.0,131.0,3.0,27.0,1.9,14.05,13.19,53.0,26.0,101.0,41.0,,,,,3.76,28.0,32.0,30.0,27.0,2.2900763358778624,20.610687022900766,49.0566037735849,,,,,78.04878048780488,73.17073170731706,65.85365853658537
0050001110A023,4398.175416666666,2020.0,108.0,,22.0,1.17,15.21,15.0,61.0,30.0,93.0,48.0,36.0,48.0,36.0,,3.0,33.0,32.0,33.0,34.0,,20.37037037037037,49.180327868852466,75.0,100.0,75.0,,66.66666666666666,68.75,70.83333333333334
00500011114003,7853.4031413612565,2010.0,85.0,4.0,22.0,1.68,13.71,12.85,37.0,13.0,56.0,29.0,,,,,3.04,23.0,26.0,25.0,23.0,4.705882352941177,25.882352941176478,35.135135135135144,,,,,89.65517241379311,86.20689655172413,79.3103448275862
00500011114003,7853.4031413612565,2020.0,89.0,4.0,18.0,1.91,13.29,12.8,49.0,21.0,69.0,30.0,28.0,29.0,27.0,,3.18,24.0,23.0,23.0,24.0,4.49438202247191,20.224719101123593,42.857142857142854,93.33333333333331,96.66666666666669,90.0,,76.66666666666667,76.66666666666667,80.0
00500011114004,7853.4031413612565,2010.0,115.0,0.0,24.0,1.57,12.99,12.37,57.0,28.0,76.0,40.0,,,,,3.11,33.0,31.0,29.0,27.0,0.0,20.869565217391305,49.122807017543856,,,,,77.5,72.5,67.5
00500011114004,7853.4031413612565,2020.0,119.0,4.0,27.0,1.04,14.84,14.09,72.0,31.0,85.0,41.0,39.0,41.0,39.0,,3.05,30.0,32.0,35.0,38.0,3.361344537815126,22.689075630252105,43.055555555555564,95.1219512195122,100.0,95.1219512195122,,78.04878048780488,85.36585365853658,92.6829268292683
00500011114007,27372.39057239057,2010.0,74.0,,25.0,1.14,13.6,13.42,32.0,18.0,64.0,27.0,,,,,2.84,15.0,20.0,18.0,18.0,,33.78378378378378,56.25,,,,,74.07407407407408,66.66666666666666,66.66666666666666
00500011114007,27372.39057239057,2020.0,82.0,0.0,21.0,1.36,14.13,13.9,49.0,24.0,59.0,28.0,25.0,26.0,23.0,0.0,3.28,21.0,18.0,22.0,21.0,0.0,25.609756097560968,48.979591836734684,89.2857142857143,92.85714285714286,82.14285714285714,0.0,64.28571428571429,78.57142857142857,75.0
00500011114008,31355.93220338983,2010.0,105.0,0.0,18.0,1.75,14.03,13.71,56.0,21.0,57.0,39.0,,,,,3.4,26.0,26.0,26.0,23.0,0.0,17.142857142857142,37.5,,,,,66.66666666666666,66.66666666666666,58.97435897435898
00500011114008,31355.93220338983,2020.0,127.0,3.0,22.0,1.72,14.06,14.18,74.0,34.0,94.0,45.0,36.0,42.0,33.0,3.0,3.53,33.0,33.0,30.0,36.0,2.3622047244094486,17.322834645669293,45.94594594594595,80.0,93.33333333333331,73.33333333333333,6.666666666666668,73.33333333333333,66.66666666666666,80.0
00500011114020,45600.0,2010.0,111.0,0.0,28.0,1.73,13.71,13.36,53.0,24.0,58.0,47.0,,,,,3.47,26.0,22.0,22.0,22.0,0.0,25.225225225225223,45.283018867924525,,,,,46.80851063829788,46.80851063829788,46.80851063829788
00500011114020,45600.0,2020.0,144.0,4.0,36.0,1.35,14.35,13.91,78.0,38.0,119.0,48.0,45.0,46.0,43.0,0.0,3.2,37.0,33.0,39.0,41.0,2.7777777777777777,25.0,48.71794871794872,93.75,95.83333333333334,89.58333333333334,0.0,68.75,81.25,85.41666666666666
00500011129010,3917.2363636363634,2010.0,46.0,0.0,19.0,0.32,10.91,10.47,32.0,28.0,27.0,5.0,,,,,4.33,3.0,,,,0.0,41.30434782608695,87.5,,,,,,,
00500011129010,3917.2363636363634,2020.0,33.0,0.0,21.0,0.19,10.31,9.46,23.0,18.0,17.0,4.0,4.0,,,0.0,5.0,,,,,0.0,63.63636363636363,78.26086956521739,100.0,,,0.0,,,
00500011190012,3033.6140350877195,2010.0,333.0,13.0,31.0,1.94,10.02,9.83,157.0,54.0,233.0,101.0,,,,,3.34,54.0,39.0,37.0,26.0,3.903903903903904,9.309309309309311,34.39490445859873,,,,,38.613861386138616,36.63366336633664,25.742574257425748
00500011190012,3033.6140350877195,2020.0,274.0,6.0,45.0,2.12,10.76,10.46,171.0,75.0,219.0,70.0,70.0,69.0,69.0,0.0,3.91,50.0,26.0,34.0,49.0,2.18978102189781,16.423357664233578,43.85964912280701,100.0,98.57142857142858,98.57142857142858,0.0,37.142857142857146,48.57142857142857,70.0
00500011237006,11521.739130434782,2010.0,137.0,3.0,28.0,1.73,12.04,11.84,65.0,31.0,98.0,41.0,,,,,3.94,26.0,22.0,21.0,21.0,2.18978102189781,20.437956204379567,47.69230769230769,,,,,53.65853658536586,51.21951219512196,51.21951219512196
00500011237006,11521.739130434782,2020.0,119.0,6.0,27.0,1.45,12.17,11.74,60.0,29.0,88.0,43.0,39.0,42.0,38.0,,3.05,32.0,26.0,30.0,33.0,5.042016806722689,22.689075630252105,48.33333333333334,90.69767441860463,97.67441860465117,88.3720930232558,,60.465116279069754,69.76744186046511,76.74418604651162
00500011260017,3043.903125,2010.0,123.0,,27.0,1.43,13.74,12.8,61.0,17.0,95.0,36.0,,,,,3.64,24.0,20.0,24.0,22.0,,21.951219512195124,27.86885245901639,,,,,55.555555555555564,66.66666666666666,61.111111111111114
00500011260017,3043.903125,2020.0,108.0,,30.0,1.39,13.98,13.6,60.0,27.0,92.0,34.0,34.0,34.0,34.0,0.0,3.18,31.0,18.0,28.0,29.0,,27.777777777777782,45.0,100.0,100.0,100.0,0.0,52.941176470588246,82.35294117647058,85.29411764705883
00500011260026,14232.64375,2010.0,125.0,6.0,21.0,1.83,13.41,12.32,61.0,30.0,75.0,45.0,,,,,3.57,28.0,26.0,29.0,25.0,4.8,16.8,49.180327868852466,,,,,57.77777777777778,64.44444444444444,55.555555555555564
00500011260026,14232.64375,2020.0,125.0,,36.0,1.62,13.74,13.49,70.0,39.0,93.0,50.0,45.0,43.0,38.0,0.0,2.78,43.0,29.0,41.0,42.0,,28.8,55.714285714285715,90.0,86.0,76.0,0.0,57.99999999999999,82.0,84.0
00500011307007,17274.1935483871,2010.0,957.0,42.0,87.0,2.1,9.13,9.0,390.0,144.0,614.0,259.0,,,,,4.12,124.0,69.0,61.0,39.0,4.38871473354232,9.090909090909092,36.92307692307693,,,,,26.640926640926644,23.552123552123557,15.05791505791506
00500011307007,17274.1935483871,2020.0,29.0,,4.0,2.33,10.08,9.42,17.0,6.0,15.0,9.0,9.0,9.0,9.0,0.0,3.22,5.0,6.0,4.0,7.0,,13.79310344827586,35.29411764705883,100.0,100.0,100.0,0.0,66.66666666666666,44.444444444444436,77.7777777777778
00500011307028,29000.0,2010.0,153.0,7.0,26.0,1.61,7.59,7.24,56.0,25.0,90.0,54.0,,,,,2.94,31.0,20.0,17.0,21.0,4.575163398692809,16.99346405228758,44.64285714285715,,,,,37.03703703703704,31.48148148148148,38.888888888888886
00500011307028,29000.0,2020.0,154.0,4.0,38.0,1.46,11.38,11.53,87.0,46.0,111.0,54.0,50.0,51.0,47.0,0.0,3.08,31.0,18.0,26.0,34.0,2.5974025974025974,24.675324675324674,52.87356321839081,92.5925925925926,94.44444444444444,87.03703703703705,0.0,33.33333333333333,48.148148148148145,62.96296296296296
00500011311003,4001.185592185593,2010.0,71.0,7.0,18.0,2.43,12.4,12.03,25.0,13.0,52.0,17.0,,,,,4.18,17.0,12.0,6.0,6.0,9.859154929577462,25.352112676056336,52.0,,,,,70.58823529411767,35.29411764705883,35.29411764705883
00500011311003,4001.185592185593,2020.0,36.0,0.0,12.0,1.95,13.32,13.0,12.0,6.0,25.0,14.0,12.0,14.0,12.0,,3.0,11.0,9.0,6.0,8.0,0.0,33.33333333333333,50.0,85.71428571428571,100.0,85.71428571428571,,64.28571428571429,42.857142857142854,57.14285714285714
00500011311011,3654.9572649572656,2010.0,52.0,0.0,9.0,1.83,12.32,11.11,14.0,4.0,31.0,17.0,,,,,3.7,9.0,8.0,6.0,6.0,0.0,17.307692307692307,28.57142857142857,,,,,47.058823529411754,35.29411764705883,35.29411764705883
00500011311011,3654.9572649572656,2020.0,66.0,0.0,17.0,1.26,13.12,12.84,36.0,18.0,54.0,17.0,17.0,16.0,16.0,0.0,3.88,17.0,12.0,13.0,12.0,0.0,25.75757575757576,50.0,100.0,94.11764705882351,94.11764705882351,0.0,70.58823529411767,76.47058823529412,70.58823529411767
00500011311013,7228.1631410256405,2010.0,0.0,0.0,0.0,0.0,0.0,0.0,0.0,0.0,0.0,1.0,,,,,0.0,0.0,0.0,0.0,0.0,,,,,,,,0.0,0.0,0.0
00500011311013,7228.1631410256405,2020.0,12.0,,,,,,,,,2.0,2.0,,,,,,,,,,,,100.0,,,,,,
00500011311025,3113.71237458194,2010.0,55.0,0.0,16.0,2.1,12.98,12.08,18.0,10.0,39.0,16.0,,,,,3.93,13.0,11.0,9.0,8.0,0.0,29.09090909090909,55.555555555555564,,,,,68.75,56.25,50.0
00500011311025,3113.71237458194,2020.0,41.0,,14.0,1.7,13.47,12.58,18.0,10.0,34.0,16.0,12.0,16.0,12.0,,3.42,12.0,10.0,10.0,11.0,,34.14634146341464,55.555555555555564,75.0,100.0,75.0,,62.5,62.5,68.75
00500011311029,2620.689655172414,2010.0,65.0,,13.0,2.03,12.09,11.88,23.0,11.0,31.0,17.0,,,,,3.88,14.0,10.0,11.0,7.0,,20.0,47.82608695652174,,,,,58.82352941176471,64.70588235294117,41.17647058823529
00500011311029,2620.689655172414,2020.0,66.0,,18.0,1.71,13.05,12.48,35.0,15.0,51.0,18.0,16.0,18.0,16.0,0.0,4.13,15.0,13.0,13.0,13.0,,27.27272727272727,42.857142857142854,88.8888888888889,100.0,88.8888888888889,0.0,72.2222222222222,72.2222222222222,72.2222222222222
00500011379001,6439.393939393939,2010.0,253.0,10.0,37.0,1.96,9.92,9.96,104.0,47.0,168.0,78.0,,,,,3.57,33.0,28.0,30.0,27.0,3.9525691699604746,14.624505928853756,45.19230769230769,,,,,35.8974358974359,38.46153846153847,34.615384615384606
00500011379001,6439.393939393939,2020.0,261.0,4.0,55.0,1.84,10.93,10.61,145.0,72.0,164.0,71.0,68.0,70.0,67.0,,3.84,48.0,30.0,31.0,50.0,1.532567049808429,21.0727969348659,49.6551724137931,95.77464788732394,98.59154929577466,94.3661971830986,,42.25352112676056,43.661971830985905,70.4225352112676
00500011379027,12375.0,2010.0,227.0,11.0,27.0,1.87,11.22,11.4,104.0,40.0,164.0,64.0,,,,,3.98,35.0,25.0,29.0,21.0,4.845814977973569,11.894273127753305,38.46153846153847,,,,,39.0625,45.3125,32.8125
00500011379027,12375.0,2020.0,199.0,14.0,43.0,1.73,11.94,12.06,106.0,49.0,142.0,76.0,56.0,74.0,54.0,0.0,3.55,39.0,25.0,35.0,42.0,7.035175879396986,21.608040201005025,46.22641509433962,73.68421052631578,97.36842105263158,71.05263157894737,0.0,32.89473684210527,46.05263157894736,55.26315789473685
00500011379028,15517.241379310344,2010.0,205.0,4.0,33.0,1.65,11.61,11.44,90.0,51.0,137.0,74.0,,,,,3.36,32.0,27.0,31.0,22.0,1.951219512195122,16.097560975609756,56.66666666666666,,,,,36.48648648648648,41.8918918918919,29.72972972972973
00500011379028,15517.241379310344,2020.0,182.0,5.0,51.0,1.77,12.38,11.83,86.0,38.0,142.0,92.0,59.0,90.0,57.0,,3.08,36.0,26.0,28.0,37.0,2.7472527472527477,28.021978021978025,44.1860465116279,64.13043478260869,97.82608695652172,61.95652173913043,,28.26086956521739,30.434782608695656,40.21739130434783
00500011400003,19168.333333333332,2010.0,620.0,28.0,60.0,2.24,9.68,9.28,268.0,100.0,431.0,176.0,,,,,3.95,110.0,38.0,60.0,40.0,4.516129032258063,9.677419354838712,37.3134328358209,,,,,21.59090909090909,34.09090909090909,22.72727272727273
00500011400003,19168.333333333332,2020.0,602.0,18.0,69.0,1.86,10.93,11.03,344.0,149.0,428.0,361.0,172.0,360.0,171.0,13.0,3.5,122.0,52.0,91.0,120.0,2.990033222591362,11.461794019933555,43.3139534883721,47.64542936288089,99.72299168975071,47.368421052631575,3.601108033240997,14.404432132963992,25.207756232686982,33.2409972299169
00500011434002,15815.082725060827,2010.0,121.0,4.0,24.0,2.29,11.61,10.96,55.0,17.0,94.0,39.0,,,,,3.78,25.0,16.0,19.0,17.0,3.3057851239669422,19.834710743801654,30.90909090909091,,,,,41.02564102564102,48.71794871794872,43.5897435897436
00500011434002,15815.082725060827,2020.0,113.0,,25.0,1.76,11.95,11.67,58.0,25.0,92.0,35.0,33.0,32.0,30.0,0.0,3.42,25.0,14.0,25.0,29.0,,22.123893805309734,43.103448275862064,94.28571428571428,91.42857142857143,85.71428571428571,0.0,40.0,71.42857142857143,82.85714285714286
00500011472015,3991.4566210045664,2010.0,206.0,8.0,22.0,1.96,10.19,10.25,82.0,28.0,149.0,65.0,,,,,3.23,36.0,31.0,27.0,22.0,3.883495145631068,10.679611650485436,34.14634146341464,,,,,47.69230769230769,41.53846153846154,33.846153846153854
00500011472015,3991.4566210045664,2020.0,209.0,3.0,38.0,1.64,11.22,11.15,114.0,55.0,160.0,68.0,62.0,66.0,60.0,,3.37,35.0,27.0,36.0,44.0,1.4354066985645932,18.181818181818183,48.24561403508772,91.17647058823529,97.05882352941177,88.23529411764706,,39.70588235294117,52.941176470588246,64.70588235294117
00500011472028,30000.0,,,,,,,,,,,,,,,,,,,,,,,,,,,,,,
00500011523001,3330.621861285719,2010.0,274.0,13.0,33.0,1.9,10.57,10.13,115.0,48.0,172.0,80.0,,,,,3.66,45.0,33.0,30.0,20.0,4.744525547445255,12.043795620437956,41.73913043478261,,,,,41.25,37.5,25.0
00500011523001,3330.621861285719,2020.0,173.0,4.0,43.0,1.77,11.4,11.0,86.0,37.0,143.0,57.0,51.0,57.0,51.0,,3.39,41.0,20.0,33.0,45.0,2.312138728323699,24.855491329479772,43.0232558139535,89.47368421052632,100.0,89.47368421052632,,35.08771929824561,57.894736842105274,78.94736842105263
00500011538009,14998.2,2010.0,6.0,,,,,,,,,1.0,,,,,,,,,,,,,,,,,,,
00500011538009,14998.2,2020.0,1.0,,,,,,,,,1.0,1.0,,,,,,,,,,,,100.0,,,,,,
00500011557002,3439.306358381503,2010.0,142.0,,32.0,1.91,10.84,10.19,65.0,24.0,94.0,40.0,,,,,3.68,23.0,21.0,18.0,14.0,,22.53521126760564,36.92307692307693,,,,,52.5,45.0,35.0
00500011557002,3439.306358381503,2020.0,130.0,4.0,32.0,1.63,12.06,11.9,70.0,27.0,100.0,48.0,42.0,47.0,41.0,3.0,3.1,27.0,12.0,23.0,31.0,3.0769230769230766,24.615384615384613,38.571428571428584,87.5,97.91666666666666,85.41666666666666,6.25,25.0,47.91666666666667,64.58333333333334
00500011557013,32500.0,2010.0,143.0,,23.0,1.97,10.51,10.37,70.0,34.0,84.0,53.0,,,,,3.11,22.0,16.0,18.0,11.0,,16.083916083916083,48.57142857142857,,,,,30.188679245283016,33.9622641509434,20.754716981132077
00500011557013,32500.0,2020.0,122.0,5.0,28.0,1.77,11.41,10.91,65.0,34.0,75.0,57.0,39.0,56.0,38.0,5.0,3.13,19.0,12.0,17.0,26.0,4.0983606557377055,22.950819672131143,52.30769230769232,68.42105263157895,98.24561403508771,66.66666666666666,8.771929824561402,21.052631578947366,29.824561403508767,45.614035087719294
00500011561001,5650.0,2010.0,143.0,6.0,27.0,1.59,13.12,12.74,69.0,25.0,92.0,52.0,,,,,3.12,27.0,30.0,26.0,22.0,4.195804195804196,18.88111888111888,36.231884057971016,,,,,57.69230769230769,50.0,42.307692307692314
00500011561001,5650.0,2020.0,125.0,4.0,40.0,1.49,14.36,14.45,65.0,30.0,97.0,44.0,36.0,41.0,33.0,3.0,3.39,32.0,28.0,31.0,34.0,3.2,32.0,46.153846153846146,81.81818181818183,93.18181818181816,75.0,6.8181818181818175,63.63636363636363,70.45454545454545,77.27272727272727
00500011561020,12352.941176470587,2010.0,127.0,,26.0,1.3,12.57,12.21,58.0,30.0,95.0,43.0,,,,,3.36,25.0,26.0,29.0,25.0,,20.47244094488189,51.72413793103448,,,,,60.465116279069754,67.44186046511628,58.139534883720934
00500011561020,12352.941176470587,2020.0,126.0,4.0,27.0,1.03,13.43,13.02,73.0,37.0,91.0,38.0,37.0,37.0,36.0,0.0,3.25,24.0,19.0,24.0,26.0,3.1746031746031744,21.428571428571427,50.68493150684932,97.36842105263158,97.36842105263158,94.73684210526315,0.0,50.0,63.157894736842096,68.42105263157895
00500011561023,22260.27397260274,2010.0,134.0,6.0,17.0,1.33,13.53,12.54,66.0,33.0,102.0,50.0,,,,,3.12,32.0,22.0,31.0,28.0,4.477611940298506,12.686567164179106,50.0,,,,,44.0,62.0,56.00000000000001
00500011561023,22260.27397260274,2020.0,134.0,,40.0,1.23,15.33,15.02,90.0,42.0,118.0,56.0,52.0,55.0,51.0,,2.58,50.0,35.0,39.0,45.0,,29.850746268656717,46.66666666666666,92.85714285714286,98.21428571428572,91.07142857142857,,62.5,69.64285714285714,80.35714285714286
00500011576010,3670.0370330969267,2010.0,191.0,3.0,50.0,1.46,12.87,12.43,90.0,45.0,148.0,64.0,,,,,3.18,48.0,42.0,40.0,33.0,1.5706806282722512,26.17801047120419,50.0,,,,,65.625,62.5,51.5625
00500011576010,3670.0370330969267,2020.0,206.0,3.0,64.0,1.53,13.48,13.38,105.0,40.0,149.0,71.0,64.0,71.0,64.0,,3.22,56.0,37.0,51.0,59.0,1.4563106796116505,31.067961165048537,38.095238095238095,90.14084507042256,100.0,90.14084507042256,,52.112676056338024,71.83098591549296,83.09859154929578
00500011580023,12933.54943273906,2010.0,191.0,9.0,41.0,1.52,11.85,11.49,84.0,38.0,130.0,66.0,,,,,3.3,39.0,32.0,35.0,32.0,4.712041884816754,21.46596858638744,45.23809523809525,,,,,48.48484848484848,53.03030303030303,48.48484848484848
00500011580023,12933.54943273906,2020.0,186.0,4.0,37.0,1.27,13.39,13.07,104.0,55.0,154.0,70.0,63.0,70.0,63.0,3.0,2.95,42.0,38.0,51.0,54.0,2.1505376344086025,19.892473118279568,52.884615384615394,90.0,100.0,90.0,4.285714285714286,54.28571428571429,72.85714285714283,77.14285714285717
00500011595006,1093131.9544652877,2010.0,195.0,,31.0,1.59,12.92,12.58,96.0,48.0,129.0,62.0,,,,,3.32,49.0,43.0,40.0,37.0,,15.897435897435894,50.0,,,,,69.35483870967742,64.51612903225806,59.67741935483871
00500011595006,1093131.9544652877,2020.0,190.0,0.0,43.0,1.38,13.53,13.18,106.0,53.0,151.0,70.0,63.0,70.0,63.0,,3.02,50.0,49.0,50.0,59.0,0.0,22.63157894736842,50.0,90.0,100.0,90.0,,70.0,71.42857142857143,84.28571428571429
00500011595008,4291.394927536232,2010.0,135.0,,29.0,1.51,14.02,13.38,60.0,24.0,90.0,44.0,,,,,3.21,38.0,38.0,33.0,31.0,,21.48148148148148,40.0,,,,,86.36363636363636,75.0,70.45454545454545
00500011595008,4291.394927536232,2020.0,116.0,0.0,32.0,1.25,14.49,14.25,66.0,31.0,95.0,40.0,36.0,40.0,36.0,,3.22,34.0,27.0,29.0,30.0,0.0,27.58620689655172,46.96969696969697,90.0,100.0,90.0,,67.5,72.5,75.0
00500011608010,4260.72,2010.0,44.0,3.0,5.0,1.8,12.41,12.08,11.0,4.0,17.0,15.0,,,,,3.45,10.0,7.0,5.0,3.0,6.8181818181818175,11.363636363636365,36.36363636363637,,,,,46.66666666666666,33.33333333333333,20.0
00500011608010,4260.72,2020.0,38.0,0.0,13.0,1.17,13.55,12.52,24.0,15.0,21.0,19.0,15.0,17.0,13.0,3.0,2.53,8.0,10.0,12.0,14.0,0.0,34.21052631578947,62.5,78.94736842105263,89.47368421052632,68.42105263157895,15.789473684210524,52.631578947368425,63.157894736842096,73.68421052631578
00500011612006,1875.0,2010.0,110.0,4.0,34.0,1.56,12.57,12.12,48.0,23.0,86.0,43.0,,,,,3.44,26.0,20.0,18.0,17.0,3.636363636363636,30.90909090909091,47.91666666666667,,,,,46.511627906976734,41.860465116279066,39.53488372093023
00500011612006,1875.0,2020.0,87.0,3.0,29.0,1.52,14.07,13.56,41.0,22.0,72.0,30.0,29.0,30.0,29.0,0.0,3.0,25.0,18.0,18.0,24.0,3.4482758620689653,33.33333333333333,53.65853658536586,96.66666666666669,100.0,96.66666666666669,0.0,60.0,60.0,80.0
00500011627019,6904.490909090909,2010.0,137.0,9.0,9.0,1.38,12.4,13.0,68.0,35.0,106.0,58.0,,,,,3.04,35.0,28.0,32.0,21.0,6.569343065693432,6.569343065693432,51.470588235294116,,,,,48.27586206896552,55.17241379310346,36.206896551724135
00500011627019,6904.490909090909,2020.0,192.0,5.0,19.0,1.1,15.4,15.36,110.0,55.0,157.0,80.0,74.0,80.0,74.0,,2.59,58.0,56.0,61.0,68.0,2.604166666666667,9.895833333333332,50.0,92.5,100.0,92.5,,70.0,76.25,85.0
0050001167A015,10840.738888888889,2010.0,224.0,4.0,35.0,2.12,10.38,9.83,95.0,35.0,151.0,67.0,,,,,3.69,40.0,24.0,28.0,21.0,1.7857142857142856,15.625,36.84210526315789,,,,,35.820895522388064,41.7910447761194,31.34328358208955
0050001167A015,10840.738888888889,2020.0,235.0,9.0,54.0,2.02,11.18,10.96,107.0,47.0,143.0,76.0,73.0,75.0,72.0,,3.22,48.0,36.0,37.0,49.0,3.8297872340425534,22.97872340425532,43.92523364485981,96.05263157894736,98.68421052631578,94.73684210526315,,47.368421052631575,48.68421052631579,64.47368421052633
0050001167A020,15463.07457409193,2010.0,335.0,16.0,32.0,1.64,10.26,10.22,143.0,61.0,222.0,79.0,,,,,4.41,49.0,37.0,30.0,27.0,4.776119402985075,9.55223880597015,42.657342657342646,,,,,46.83544303797469,37.9746835443038,34.17721518987341
0050001167A020,15463.07457409193,2020.0,304.0,10.0,44.0,1.75,10.89,10.7,151.0,70.0,217.0,76.0,75.0,74.0,73.0,0.0,4.05,50.0,35.0,29.0,46.0,3.2894736842105265,14.473684210526313,46.357615894039725,98.68421052631578,97.36842105263158,96.05263157894736,0.0,46.05263157894736,38.15789473684211,60.526315789473685
0050001167A029,3760.0,2010.0,249.0,5.0,31.0,1.97,10.22,9.89,109.0,54.0,144.0,71.0,,,,,4.26,37.0,29.0,22.0,16.0,2.0080321285140563,12.449799196787147,49.54128440366973,,,,,40.84507042253522,30.985915492957744,22.53521126760564
0050001167A029,3760.0,2020.0,298.0,7.0,47.0,1.58,11.53,11.54,169.0,80.0,233.0,97.0,86.0,96.0,85.0,,3.47,51.0,37.0,53.0,58.0,2.348993288590604,15.771812080536911,47.33727810650888,88.65979381443299,98.96907216494844,87.62886597938144,,38.14432989690722,54.639175257731964,59.793814432989684
00500011699015,15384.615384615385,2010.0,123.0,3.0,17.0,2.28,10.04,9.72,43.0,19.0,83.0,30.0,,,,,4.18,18.0,11.0,12.0,9.0,2.4390243902439024,13.821138211382115,44.1860465116279,,,,,36.66666666666666,40.0,30.0
00500011699015,15384.615384615385,2020.0,106.0,0.0,24.0,2.02,11.26,11.59,64.0,32.0,76.0,26.0,26.0,26.0,26.0,0.0,4.08,23.0,11.0,15.0,20.0,0.0,22.641509433962263,50.0,100.0,100.0,100.0,0.0,42.307692307692314,57.69230769230769,76.92307692307693
00500011699027,5555.555555555556,2010.0,93.0,,26.0,2.37,10.48,9.67,38.0,11.0,63.0,28.0,,,,,3.58,21.0,18.0,12.0,11.0,,27.956989247311824,28.947368421052637,,,,,64.28571428571429,42.857142857142854,39.285714285714285
00500011699027,5555.555555555556,2020.0,129.0,,24.0,1.7,11.33,11.05,67.0,30.0,99.0,32.0,32.0,30.0,30.0,0.0,4.03,28.0,16.0,21.0,24.0,,18.6046511627907,44.77611940298507,100.0,93.75,93.75,0.0,50.0,65.625,75.0
00500011735012,7179.48717948718,2010.0,579.0,28.0,38.0,1.94,8.63,8.42,302.0,132.0,324.0,215.0,,,,,3.71,116.0,21.0,41.0,26.0,4.835924006908464,6.563039723661486,43.70860927152318,,,,,9.767441860465118,19.069767441860467,12.093023255813955
00500011735012,7179.48717948718,2020.0,692.0,22.0,81.0,1.65,10.69,10.41,356.0,161.0,518.0,238.0,202.0,238.0,202.0,0.0,3.43,153.0,53.0,103.0,148.0,3.1791907514450863,11.705202312138727,45.2247191011236,84.87394957983193,100.0,84.87394957983193,0.0,22.268907563025213,43.27731092436974,62.18487394957983
00500011735030,22004.84066155708,2010.0,110.0,6.0,23.0,2.43,9.6,9.24,46.0,17.0,65.0,33.0,,,,,4.07,12.0,10.0,6.0,5.0,5.454545454545454,20.909090909090907,36.95652173913043,,,,,30.303030303030305,18.181818181818183,15.151515151515152
00500011735030,22004.84066155708,2020.0,234.0,6.0,31.0,1.29,12.97,12.93,134.0,62.0,162.0,111.0,89.0,111.0,89.0,7.0,2.63,55.0,45.0,68.0,77.0,2.564102564102564,13.247863247863247,46.2686567164179,80.18018018018019,100.0,80.18018018018019,6.306306306306306,40.54054054054054,61.261261261261254,69.36936936936937
0050001174A021,19548.872180451126,2010.0,183.0,11.0,20.0,2.5,8.43,8.06,89.0,32.0,101.0,53.0,,,,,3.98,40.0,12.0,14.0,14.0,6.0109289617486334,10.928961748633881,35.95505617977528,,,,,22.641509433962263,26.41509433962264,26.41509433962264
0050001174A021,19548.872180451126,2020.0,205.0,8.0,37.0,1.98,9.45,9.48,104.0,53.0,132.0,52.0,49.0,47.0,44.0,3.0,4.18,45.0,6.0,19.0,33.0,3.902439024390244,18.048780487804876,50.96153846153846,94.23076923076924,90.3846153846154,84.61538461538461,5.769230769230768,11.538461538461537,36.53846153846153,63.46153846153846
00500011769021,19548.872180451126,2010.0,145.0,7.0,24.0,2.41,9.82,9.39,73.0,28.0,86.0,41.0,,,,,3.92,36.0,12.0,16.0,14.0,4.827586206896552,16.551724137931036,38.35616438356164,,,,,29.268292682926827,39.02439024390244,34.14634146341464
00500011769021,19548.872180451126,2020.0,162.0,,34.0,1.75,11.13,11.08,75.0,34.0,101.0,47.0,43.0,47.0,43.0,3.0,3.77,31.0,14.0,22.0,33.0,,20.987654320987648,45.33333333333333,91.48936170212765,100.0,91.48936170212765,6.382978723404255,29.78723404255319,46.80851063829788,70.21276595744679
00500011773014,4736.8421052631575,2010.0,271.0,5.0,40.0,1.77,10.71,10.68,111.0,53.0,146.0,99.0,,,,,3.01,45.0,29.0,38.0,18.0,1.8450184501845015,14.760147601476016,47.747747747747745,,,,,29.292929292929287,38.38383838383838,18.181818181818183
00500011773014,4736.8421052631575,2020.0,284.0,,62.0,1.53,11.47,11.45,135.0,61.0,209.0,117.0,102.0,117.0,102.0,,2.78,48.0,25.0,51.0,64.0,,21.83098591549296,45.185185185185176,87.1794871794872,100.0,87.1794871794872,,21.367521367521366,43.5897435897436,54.70085470085471
00500011788014,20000.0,2010.0,53.0,4.0,13.0,1.52,12.41,11.48,23.0,9.0,33.0,15.0,,,,,3.53,13.0,7.0,11.0,7.0,7.547169811320754,24.52830188679245,39.130434782608695,,,,,46.66666666666666,73.33333333333333,46.66666666666666
00500011788014,20000.0,2020.0,41.0,0.0,14.0,1.3,12.94,12.8,20.0,11.0,38.0,15.0,14.0,15.0,14.0,0.0,2.93,12.0,8.0,11.0,12.0,0.0,34.14634146341464,55.00000000000001,93.33333333333331,100.0,93.33333333333331,0.0,53.33333333333334,73.33333333333333,80.0
00500011788026,20589.29252219378,,,,,,,,,,,,,,,,,,,,,,,,,,,,,,
00500011792017,27007.299270072992,2010.0,231.0,5.0,29.0,1.46,12.26,11.76,115.0,50.0,152.0,81.0,,,,,3.04,42.0,41.0,49.0,36.0,2.1645021645021645,12.554112554112553,43.47826086956522,,,,,50.617283950617285,60.49382716049383,44.444444444444436
00500011792017,27007.299270072992,2020.0,191.0,3.0,44.0,1.44,13.16,12.73,98.0,48.0,135.0,77.0,66.0,77.0,66.0,,2.89,37.0,33.0,44.0,57.0,1.5706806282722512,23.03664921465969,48.979591836734684,85.71428571428571,100.0,85.71428571428571,,42.857142857142854,57.14285714285714,74.02597402597402
00500011792021,6388.888888888889,2010.0,191.0,4.0,29.0,1.53,13.28,12.77,87.0,40.0,120.0,66.0,,,,,3.25,39.0,39.0,30.0,25.0,2.094240837696335,15.183246073298431,45.977011494252864,,,,,59.09090909090909,45.45454545454545,37.87878787878788
00500011792021,6388.888888888889,2020.0,157.0,,44.0,1.68,13.96,12.86,84.0,43.0,115.0,56.0,54.0,55.0,53.0,0.0,2.89,41.0,32.0,37.0,43.0,,28.025477707006374,51.19047619047619,96.42857142857143,98.21428571428572,94.64285714285714,0.0,57.14285714285714,66.07142857142857,76.78571428571429
00500011805008,25000.0,2010.0,408.0,16.0,9.0,1.16,13.66,13.33,222.0,108.0,323.0,186.0,,,,,3.16,107.0,102.0,102.0,83.0,3.92156862745098,2.2058823529411766,48.64864864864865,,,,,54.838709677419345,54.838709677419345,44.62365591397849
00500011805008,25000.0,2020.0,502.0,14.0,35.0,1.2,13.72,13.63,261.0,131.0,408.0,185.0,163.0,170.0,148.0,3.0,3.08,146.0,129.0,136.0,153.0,2.7888446215139435,6.972111553784861,50.19157088122606,88.1081081081081,91.8918918918919,80.0,1.6216216216216215,69.72972972972973,73.51351351351352,82.70270270270271
0050001181A014,10350.69875368534,2010.0,118.0,,25.0,1.58,12.08,11.74,45.0,17.0,75.0,38.0,,,,,3.11,31.0,23.0,23.0,18.0,,21.1864406779661,37.77777777777778,,,,,60.526315789473685,60.526315789473685,47.368421052631575
0050001181A014,10350.69875368534,2020.0,111.0,,31.0,1.28,13.28,12.59,59.0,29.0,66.0,42.0,36.0,42.0,36.0,,3.08,33.0,19.0,29.0,32.0,,27.92792792792793,49.152542372881356,85.71428571428571,100.0,85.71428571428571,,45.23809523809525,69.04761904761905,76.19047619047619
00500011839003,5202.013698630137,2010.0,154.0,6.0,20.0,1.79,10.8,10.22,66.0,31.0,83.0,60.0,,,,,3.44,24.0,15.0,13.0,8.0,3.8961038961038965,12.987012987012985,46.96969696969697,,,,,25.0,21.66666666666667,13.333333333333336
00500011839003,5202.013698630137,2020.0,186.0,8.0,30.0,1.61,11.69,10.99,97.0,45.0,129.0,60.0,55.0,57.0,52.0,3.0,3.38,26.0,28.0,31.0,43.0,4.301075268817205,16.129032258064516,46.39175257731959,91.66666666666666,95.0,86.66666666666669,5.0,46.66666666666666,51.66666666666667,71.66666666666667
00500011843022,23636.363636363636,,,,,,,,,,,,,,,,,,,,,,,,,,,,,,
00500011862023,26666.66,2010.0,146.0,4.0,22.0,1.75,10.89,10.98,71.0,31.0,95.0,48.0,,,,,3.4,30.0,27.0,22.0,20.0,2.7397260273972597,15.068493150684931,43.661971830985905,,,,,56.25,45.83333333333333,41.66666666666667
00500011862023,26666.66,2020.0,136.0,3.0,35.0,1.2,12.01,12.08,72.0,33.0,93.0,47.0,42.0,46.0,41.0,0.0,3.24,29.0,16.0,22.0,31.0,2.2058823529411766,25.735294117647058,45.83333333333333,89.36170212765957,97.87234042553192,87.23404255319151,0.0,34.04255319148936,46.80851063829788,65.95744680851064
00500011877015,1755.9297658862877,2010.0,140.0,11.0,21.0,2.13,9.68,9.53,65.0,32.0,116.0,33.0,,,,,4.28,19.0,15.0,11.0,9.0,7.857142857142858,15.0,49.230769230769226,,,,,45.45454545454545,33.33333333333333,27.27272727272727
00500011877015,1755.9297658862877,2020.0,139.0,3.0,22.0,1.94,11.39,11.17,67.0,38.0,110.0,41.0,39.0,41.0,39.0,,3.56,22.0,15.0,20.0,24.0,2.1582733812949644,15.827338129496402,56.71641791044776,95.1219512195122,100.0,95.1219512195122,,36.58536585365854,48.78048780487804,58.536585365853654
00500011881002,13228.699551569507,2010.0,182.0,5.0,30.0,2.2,9.49,8.99,75.0,38.0,145.0,57.0,,,,,3.37,30.0,22.0,19.0,14.0,2.7472527472527477,16.483516483516482,50.66666666666667,,,,,38.59649122807017,33.33333333333333,24.561403508771928
00500011881002,13228.699551569507,2020.0,171.0,3.0,35.0,1.78,10.71,10.56,86.0,47.0,140.0,53.0,48.0,52.0,47.0,,3.56,22.0,17.0,21.0,31.0,1.7543859649122806,20.46783625730994,54.65116279069767,90.56603773584905,98.1132075471698,88.67924528301887,,32.075471698113205,39.62264150943396,58.49056603773585
00500011896009,8209.954285714286,2010.0,334.0,16.0,33.0,1.46,11.72,11.24,153.0,70.0,229.0,103.0,,,,,3.49,67.0,57.0,56.0,49.0,4.790419161676646,9.880239520958083,45.7516339869281,,,,,55.33980582524271,54.368932038834956,47.57281553398058
00500011896009,8209.954285714286,2020.0,299.0,7.0,46.0,1.42,13.05,12.79,164.0,77.0,187.0,113.0,99.0,111.0,97.0,,3.02,73.0,54.0,70.0,78.0,2.3411371237458187,15.384615384615385,46.95121951219512,87.61061946902655,98.23008849557522,85.84070796460179,,47.787610619469035,61.94690265486725,69.02654867256636
00500011909005,12401.867816091954,2010.0,205.0,7.0,29.0,2.01,11.38,11.28,73.0,31.0,136.0,56.0,,,,,3.86,35.0,21.0,22.0,19.0,3.414634146341464,14.146341463414632,42.46575342465753,,,,,37.5,39.285714285714285,33.92857142857143
00500011909005,12401.867816091954,2020.0,245.0,13.0,42.0,1.91,12.0,11.79,141.0,66.0,202.0,76.0,71.0,75.0,70.0,,3.45,46.0,26.0,36.0,54.0,5.306122448979592,17.142857142857142,46.80851063829788,93.42105263157896,98.68421052631578,92.10526315789473,,34.21052631578947,47.368421052631575,71.05263157894737
00500011909012,18840.579710144928,2010.0,216.0,8.0,40.0,1.94,10.4,10.13,91.0,33.0,167.0,72.0,,,,,3.22,41.0,23.0,23.0,20.0,3.7037037037037033,18.51851851851852,36.263736263736256,,,,,31.944444444444446,31.944444444444446,27.777777777777782
00500011909012,18840.579710144928,2020.0,246.0,8.0,52.0,1.5,11.41,10.95,127.0,49.0,186.0,75.0,71.0,75.0,71.0,,3.46,39.0,28.0,35.0,50.0,3.252032520325204,21.138211382113823,38.582677165354326,94.66666666666669,100.0,94.66666666666669,,37.333333333333336,46.66666666666666,66.66666666666666
00500011913004,29365.079365079364,2010.0,374.0,12.0,43.0,1.98,9.97,9.84,164.0,69.0,279.0,105.0,,,,,3.74,65.0,31.0,38.0,28.0,3.2085561497326207,11.497326203208553,42.07317073170731,,,,,29.523809523809533,36.19047619047619,26.66666666666667
00500011913004,29365.079365079364,2020.0,353.0,13.0,57.0,1.76,11.47,11.66,180.0,76.0,282.0,101.0,99.0,98.0,96.0,0.0,3.57,55.0,33.0,46.0,59.0,3.68271954674221,16.147308781869686,42.22222222222222,98.01980198019804,97.02970297029701,95.04950495049505,0.0,32.67326732673268,45.54455445544555,58.41584158415842
00500011932004,5864.455555555555,2010.0,145.0,,23.0,1.94,9.96,9.37,62.0,25.0,89.0,42.0,,,,,3.72,28.0,20.0,17.0,13.0,,15.862068965517242,40.32258064516129,,,,,47.61904761904761,40.476190476190474,30.952380952380953
00500011932004,5864.455555555555,2020.0,151.0,,21.0,1.54,12.01,11.79,88.0,40.0,121.0,41.0,40.0,41.0,40.0,0.0,3.78,25.0,20.0,25.0,25.0,,13.90728476821192,45.45454545454545,97.56097560975608,100.0,97.56097560975608,0.0,48.78048780487804,60.97560975609756,60.97560975609756
0050001199A015,22777.777777777777,2010.0,185.0,,33.0,2.0,11.84,11.63,61.0,29.0,122.0,48.0,,,,,4.02,39.0,35.0,27.0,23.0,,17.83783783783784,47.540983606557376,,,,,72.91666666666666,56.25,47.91666666666667
0050001199A015,22777.777777777777,2020.0,189.0,6.0,43.0,1.75,12.83,12.89,91.0,40.0,144.0,50.0,48.0,48.0,46.0,0.0,3.94,44.0,34.0,29.0,38.0,3.1746031746031744,22.75132275132275,43.956043956043956,96.0,96.0,92.0,0.0,68.0,57.99999999999999,76.0
00500012004011,15757.575757575758,2010.0,128.0,,17.0,2.08,11.1,10.78,56.0,25.0,91.0,36.0,,,,,4.03,29.0,19.0,15.0,15.0,,13.28125,44.64285714285715,,,,,52.77777777777778,41.66666666666667,41.66666666666667
00500012004011,15757.575757575758,2020.0,132.0,0.0,31.0,1.71,12.18,11.79,67.0,37.0,98.0,34.0,31.0,34.0,31.0,0.0,4.26,31.0,23.0,22.0,27.0,0.0,23.484848484848484,55.22388059701493,91.17647058823529,100.0,91.17647058823529,0.0,67.64705882352942,64.70588235294117,79.41176470588233
00500012004015,15757.575757575758,2010.0,104.0,3.0,22.0,1.7,12.41,12.21,36.0,17.0,64.0,29.0,,,,,4.04,22.0,20.0,15.0,13.0,2.8846153846153846,21.153846153846157,47.22222222222222,,,,,68.96551724137932,51.72413793103448,44.82758620689656
00500012004015,15757.575757575758,2020.0,96.0,0.0,23.0,1.95,13.17,13.0,43.0,21.0,68.0,29.0,26.0,28.0,25.0,0.0,3.69,25.0,22.0,15.0,23.0,0.0,23.958333333333336,48.83720930232558,89.65517241379311,96.55172413793105,86.20689655172413,0.0,75.86206896551724,51.72413793103448,79.3103448275862
00500012019005,19827.58620689655,2010.0,158.0,3.0,38.0,2.35,9.49,9.26,60.0,21.0,110.0,41.0,,,,,3.95,34.0,12.0,20.0,13.0,1.89873417721519,24.05063291139241,35.0,,,,,29.268292682926827,48.78048780487804,31.707317073170728
00500012019005,19827.58620689655,2020.0,128.0,,42.0,2.44,10.59,10.42,63.0,25.0,96.0,40.0,39.0,40.0,39.0,,3.28,38.0,9.0,18.0,29.0,,32.8125,39.68253968253968,97.5,100.0,97.5,,22.5,45.0,72.5
00500012019016,17708.333333333332,2010.0,336.0,13.0,38.0,1.81,10.18,10.1,130.0,50.0,237.0,84.0,,,,,4.2,50.0,39.0,47.0,33.0,3.8690476190476186,11.309523809523812,38.46153846153847,,,,,46.42857142857143,55.95238095238096,39.285714285714285
00500012019016,17708.333333333332,2020.0,272.0,5.0,46.0,1.65,10.82,10.89,134.0,61.0,193.0,80.0,78.0,79.0,77.0,0.0,3.49,45.0,25.0,32.0,48.0,1.8382352941176472,16.911764705882355,45.52238805970149,97.5,98.75,96.25,0.0,31.25,40.0,60.0
00500012038003,18821.2927756654,2010.0,139.0,3.0,30.0,1.88,11.68,10.85,59.0,22.0,80.0,43.0,,,,,3.69,36.0,28.0,23.0,18.0,2.1582733812949644,21.582733812949638,37.288135593220346,,,,,65.11627906976744,53.48837209302325,41.860465116279066
00500012038003,18821.2927756654,2020.0,126.0,3.0,34.0,1.98,12.85,12.1,61.0,25.0,84.0,39.0,37.0,38.0,36.0,0.0,3.41,34.0,28.0,30.0,29.0,2.380952380952381,26.984126984126984,40.983606557377044,94.87179487179485,97.43589743589745,92.30769230769229,0.0,71.7948717948718,76.92307692307693,74.35897435897436
00500012038004,24356.48476257973,2010.0,4.0,,,,,,,,,1.0,,,,,,,,,,,,,,,,,,,
00500012038004,24356.48476257973,2020.0,4.0,,,,,,,,,1.0,1.0,,,,,,,,,,,,100.0,,,,,,
00500012038006,7906.585,2010.0,139.0,,34.0,1.69,12.74,12.47,57.0,26.0,84.0,44.0,,,,,3.56,32.0,31.0,29.0,21.0,,24.46043165467626,45.614035087719294,,,,,70.45454545454545,65.9090909090909,47.72727272727273
00500012038006,7906.585,2020.0,134.0,,34.0,1.75,13.4,13.39,83.0,37.0,85.0,41.0,38.0,40.0,37.0,,3.53,36.0,29.0,31.0,36.0,,25.373134328358212,44.57831325301205,92.6829268292683,97.56097560975608,90.24390243902441,,70.73170731707317,75.60975609756099,87.8048780487805
00500012057001,16388.88888888889,2010.0,147.0,7.0,18.0,1.81,11.48,11.05,65.0,29.0,114.0,43.0,,,,,3.51,25.0,16.0,20.0,17.0,4.761904761904762,12.244897959183671,44.61538461538462,,,,,37.2093023255814,46.511627906976734,39.53488372093023
00500012057001,16388.88888888889,2020.0,117.0,3.0,31.0,1.57,12.02,12.14,75.0,33.0,85.0,49.0,37.0,49.0,37.0,3.0,3.16,20.0,15.0,24.0,27.0,2.564102564102564,26.495726495726494,44.0,75.51020408163265,100.0,75.51020408163265,6.1224489795918355,30.612244897959183,48.979591836734684,55.10204081632652
00500012057008,10980.392156862745,2010.0,117.0,3.0,16.0,2.04,10.61,10.95,51.0,18.0,68.0,34.0,,,,,3.56,21.0,14.0,10.0,7.0,2.564102564102564,13.675213675213676,35.29411764705883,,,,,41.17647058823529,29.411764705882355,20.588235294117645
00500012057008,10980.392156862745,2020.0,109.0,4.0,19.0,1.59,11.17,11.31,56.0,32.0,75.0,38.0,36.0,38.0,36.0,,3.03,19.0,12.0,16.0,25.0,3.669724770642202,17.431192660550455,57.14285714285714,94.73684210526315,100.0,94.73684210526315,,31.578947368421048,42.105263157894726,65.78947368421053
00500012127004,9542.27798074326,2010.0,234.0,12.0,19.0,1.84,9.62,9.55,84.0,25.0,180.0,54.0,,,,,4.33,38.0,27.0,16.0,10.0,5.128205128205128,8.11965811965812,29.761904761904763,,,,,50.0,29.629629629629626,18.51851851851852
00500012127004,9542.27798074326,2020.0,264.0,11.0,36.0,1.69,10.82,10.42,139.0,51.0,194.0,59.0,59.0,59.0,59.0,0.0,4.47,53.0,29.0,31.0,37.0,4.166666666666666,13.636363636363635,36.69064748201439,100.0,100.0,100.0,0.0,49.152542372881356,52.54237288135593,62.711864406779654
00500012127014,12314.814814814816,2010.0,3013.0,132.0,151.0,1.83,10.37,10.3,1315.0,533.0,2133.0,967.0,,,,,3.55,559.0,358.0,368.0,279.0,4.381015599070694,5.011616329239961,40.53231939163498,,,,,37.02171664943123,38.05584281282317,28.852119958634955
00500012127014,12314.814814814816,2020.0,1479.0,54.0,172.0,2.15,9.64,9.38,778.0,330.0,1110.0,392.0,379.0,340.0,327.0,0.0,3.9,233.0,89.0,126.0,211.0,3.6511156186612577,11.62947937795808,42.41645244215938,96.68367346938776,86.73469387755102,83.41836734693877,0.0,22.70408163265306,32.142857142857146,53.8265306122449
00500012146001,8333.333333333334,2010.0,71.0,,9.0,1.67,11.04,10.45,31.0,11.0,49.0,19.0,,,,,3.78,14.0,12.0,13.0,10.0,,12.676056338028168,35.483870967741936,,,,,63.157894736842096,68.42105263157895,52.631578947368425
00500012146001,8333.333333333334,2020.0,72.0,4.0,15.0,1.8,11.83,11.24,33.0,16.0,63.0,19.0,18.0,19.0,18.0,0.0,4.0,14.0,10.0,8.0,14.0,5.5555555555555545,20.833333333333336,48.48484848484848,94.73684210526315,100.0,94.73684210526315,0.0,52.631578947368425,42.105263157894726,73.68421052631578
00500012146002,8333.333333333334,2010.0,102.0,,20.0,2.31,10.07,9.59,49.0,21.0,58.0,29.0,,,,,3.54,20.0,14.0,14.0,14.0,,19.607843137254907,42.857142857142854,,,,,48.27586206896552,48.27586206896552,48.27586206896552
00500012146002,8333.333333333334,2020.0,103.0,,16.0,1.65,11.69,11.65,55.0,24.0,72.0,28.0,25.0,28.0,25.0,,4.12,17.0,12.0,15.0,22.0,,15.533980582524268,43.63636363636363,89.2857142857143,100.0,89.2857142857143,,42.857142857142854,53.57142857142857,78.57142857142857
00500012150016,54687.5,2010.0,145.0,,22.0,1.94,11.56,11.37,61.0,29.0,102.0,35.0,,,,,4.18,28.0,20.0,20.0,16.0,,15.172413793103447,47.540983606557376,,,,,57.14285714285714,57.14285714285714,45.714285714285715
00500012150016,54687.5,2020.0,151.0,,39.0,1.89,11.77,11.32,80.0,37.0,121.0,45.0,45.0,44.0,44.0,0.0,3.36,33.0,25.0,27.0,38.0,,25.827814569536425,46.25,100.0,97.77777777777777,97.77777777777777,0.0,55.555555555555564,60.0,84.44444444444444
00500012165012,4340.555634357762,,,,,,,,,,,,,,,,,,,,,,,,,,,,,,
0050001217A028,5932.637096774193,,,,,,,,,,,,,,,,,,,,,,,,,,,,,,
00500012201016,8517.577777777778,2010.0,8.0,,,,,,,,,2.0,,,,,,,,,,,,,,,,,,,
00500012201016,8517.577777777778,2020.0,6.0,,,,,,,,,1.0,1.0,,,,,,,,,,,,100.0,,,,,,
00500012235029,20975.60975609756,2010.0,431.0,12.0,73.0,2.06,11.14,10.93,179.0,77.0,341.0,109.0,,,,,3.99,94.0,74.0,65.0,58.0,2.7842227378190247,16.937354988399072,43.01675977653631,,,,,67.88990825688074,59.633027522935784,53.21100917431193
00500012235029,20975.60975609756,2020.0,372.0,,79.0,1.7,12.19,11.8,177.0,80.0,255.0,92.0,88.0,90.0,86.0,0.0,4.23,77.0,45.0,48.0,63.0,,21.236559139784948,45.19774011299435,95.65217391304348,97.82608695652172,93.47826086956522,0.0,48.91304347826087,52.17391304347826,68.47826086956522
00500012292010,3877.952,2010.0,118.0,4.0,13.0,1.76,11.06,11.19,53.0,20.0,106.0,33.0,,,,,3.69,23.0,16.0,17.0,13.0,3.3898305084745757,11.016949152542374,37.735849056603776,,,,,48.48484848484848,51.51515151515152,39.39393939393939
00500012292010,3877.952,2020.0,122.0,4.0,15.0,1.73,12.31,11.82,66.0,32.0,80.0,38.0,37.0,37.0,36.0,0.0,3.3,31.0,13.0,26.0,32.0,3.278688524590164,12.295081967213116,48.48484848484848,97.36842105263158,97.36842105263158,94.73684210526315,0.0,34.21052631578947,68.42105263157895,84.21052631578947
00500012292011,7578.125,2010.0,362.0,7.0,61.0,1.89,10.13,10.04,177.0,69.0,216.0,100.0,,,,,3.85,58.0,40.0,46.0,36.0,1.9337016574585637,16.85082872928177,38.983050847457626,,,,,40.0,46.0,36.0
00500012292011,7578.125,2020.0,336.0,10.0,65.0,1.65,11.11,10.68,173.0,75.0,279.0,103.0,100.0,103.0,100.0,,3.36,59.0,40.0,52.0,64.0,2.976190476190476,19.345238095238095,43.352601156069355,97.0873786407767,100.0,97.0873786407767,,38.83495145631068,50.485436893203875,62.135922330097074
00500012292018,3087.9365079365075,,,,,,,,,,,,,,,,,,,,,,,,,,,,,,
00500012305013,5115.8046875,2010.0,427.0,19.0,60.0,2.03,9.82,9.58,179.0,81.0,252.0,130.0,,,,,3.56,55.0,44.0,42.0,35.0,4.4496487119437935,14.051522248243561,45.251396648044704,,,,,33.846153846153854,32.30769230769231,26.923076923076927
00500012305013,5115.8046875,2020.0,393.0,6.0,71.0,1.83,10.71,10.57,188.0,85.0,291.0,117.0,103.0,112.0,98.0,0.0,3.82,68.0,41.0,54.0,67.0,1.5267175572519085,18.06615776081425,45.21276595744681,88.03418803418802,95.72649572649573,83.76068376068376,0.0,35.04273504273504,46.153846153846146,57.26495726495725
00500012305014,3944.6290143964566,2010.0,181.0,7.0,27.0,1.67,9.97,9.5,77.0,38.0,109.0,55.0,,,,,3.77,28.0,18.0,17.0,14.0,3.867403314917127,14.917127071823206,49.35064935064935,,,,,32.72727272727273,30.90909090909091,25.45454545454545
00500012305014,3944.6290143964566,2020.0,182.0,8.0,28.0,1.38,11.66,11.17,99.0,42.0,116.0,48.0,44.0,48.0,44.0,3.0,4.14,33.0,26.0,28.0,35.0,4.395604395604397,15.384615384615385,42.42424242424242,91.66666666666666,100.0,91.66666666666666,6.25,54.16666666666666,58.33333333333334,72.91666666666666
00500012324002,11428.57142857143,2010.0,9.0,,,,,,,,,2.0,,,,,,,,,,,,,,,,,,,
00500012324002,11428.57142857143,2020.0,6.0,,,,,,,,,2.0,2.0,,,,,,,,,,,,100.0,,,,,,
00500012362003,13714.282857142856,2010.0,135.0,,35.0,2.17,12.06,11.38,57.0,21.0,103.0,36.0,,,,,3.97,28.0,25.0,22.0,17.0,,25.925925925925927,36.84210526315789,,,,,69.44444444444444,61.111111111111114,47.22222222222222
00500012362003,13714.282857142856,2020.0,131.0,0.0,35.0,2.12,13.23,12.84,68.0,21.0,91.0,39.0,38.0,39.0,38.0,0.0,3.45,35.0,27.0,26.0,33.0,0.0,26.7175572519084,30.882352941176467,97.43589743589745,100.0,97.43589743589745,0.0,69.23076923076923,66.66666666666666,84.61538461538461
00500012377007,10811.317920585163,2010.0,195.0,7.0,44.0,1.88,12.73,12.06,103.0,66.0,156.0,53.0,,,,,3.82,48.0,40.0,42.0,40.0,3.589743589743589,22.56410256410257,64.07766990291263,,,,,75.47169811320755,79.24528301886792,75.47169811320755
00500012377007,10811.317920585163,2020.0,189.0,,51.0,1.77,12.85,12.53,96.0,46.0,144.0,60.0,58.0,58.0,56.0,,3.26,50.0,41.0,38.0,53.0,,26.984126984126984,47.91666666666667,96.66666666666669,96.66666666666669,93.33333333333331,,68.33333333333333,63.33333333333333,88.33333333333331
00500012396017,10185.185185185184,2010.0,654.0,21.0,92.0,1.73,11.33,11.04,290.0,132.0,487.0,192.0,,,,,3.48,177.0,95.0,100.0,72.0,3.211009174311927,14.067278287461775,45.51724137931035,,,,,49.47916666666667,52.08333333333334,37.5
00500012396017,10185.185185185184,2020.0,1.0,,,,,,,,,1.0,1.0,,,,,,,,,,,,100.0,,,,,,
00500012396023,25000.0,2010.0,145.0,4.0,28.0,1.88,10.76,11.17,60.0,30.0,106.0,42.0,,,,,4.03,31.0,21.0,18.0,16.0,2.7586206896551726,19.310344827586206,50.0,,,,,50.0,42.857142857142854,38.095238095238095
00500012396023,25000.0,2020.0,179.0,3.0,39.0,1.73,11.39,11.4,97.0,40.0,111.0,51.0,48.0,50.0,47.0,,3.73,37.0,24.0,21.0,34.0,1.675977653631285,21.787709497206702,41.23711340206185,94.11764705882351,98.0392156862745,92.15686274509804,,47.058823529411754,41.17647058823529,66.66666666666666
00500012409004,13000.0,2010.0,2.0,,,,,,,,,1.0,,,,,,,,,,,,,,,,,,,
00500012409004,13000.0,2020.0,3.0,,,,,,,,,1.0,1.0,,,,,,,,,,,,100.0,,,,,,
00500012409006,12036.463133528267,2010.0,160.0,3.0,39.0,2.19,12.81,12.35,57.0,26.0,119.0,43.0,,,,,4.19,34.0,33.0,29.0,25.0,1.875,24.375,45.614035087719294,,,,,76.74418604651162,67.44186046511628,58.139534883720934
00500012409006,12036.463133528267,2020.0,163.0,3.0,38.0,1.65,13.33,12.95,69.0,27.0,112.0,46.0,43.0,45.0,42.0,0.0,3.79,40.0,34.0,30.0,35.0,1.8404907975460123,23.31288343558282,39.130434782608695,93.47826086956522,97.82608695652172,91.30434782608695,0.0,73.91304347826086,65.21739130434783,76.08695652173914
00500012409038,23391.812865497075,2010.0,7.0,,,,,,,,,1.0,,,,,,,,,,,,,,,,,,,
00500012409038,23391.812865497075,2020.0,8.0,,,,,,,,,2.0,2.0,,,,,,,,,,,,100.0,,,,,,
00500012428007,13870.967741935483,2010.0,149.0,3.0,22.0,2.31,10.39,10.26,61.0,27.0,87.0,36.0,,,,,4.38,32.0,18.0,14.0,11.0,2.013422818791946,14.76510067114094,44.26229508196721,,,,,50.0,38.888888888888886,30.555555555555557
00500012428007,13870.967741935483,2020.0,105.0,,31.0,1.71,11.99,11.69,63.0,29.0,81.0,32.0,31.0,30.0,29.0,0.0,3.39,29.0,19.0,16.0,27.0,,29.523809523809533,46.03174603174603,96.875,93.75,90.625,0.0,59.375,50.0,84.375
00500012432006,3094.89,2010.0,150.0,3.0,36.0,1.79,12.16,11.37,64.0,26.0,99.0,47.0,,,,,3.41,43.0,35.0,31.0,28.0,2.0,24.0,40.625,,,,,74.46808510638297,65.95744680851064,59.57446808510638
00500012432006,3094.89,2020.0,157.0,6.0,41.0,1.61,13.13,12.64,78.0,32.0,120.0,48.0,47.0,46.0,45.0,0.0,3.34,44.0,33.0,39.0,42.0,3.8216560509554136,26.114649681528658,41.02564102564102,97.91666666666666,95.83333333333334,93.75,0.0,68.75,81.25,87.5
00500012432010,20000.0,2010.0,81.0,,23.0,1.79,11.71,10.63,31.0,12.0,56.0,25.0,,,,,3.52,22.0,13.0,13.0,12.0,,28.395061728395056,38.70967741935485,,,,,52.0,52.0,48.0
00500012432010,20000.0,2020.0,73.0,,24.0,1.92,11.93,11.15,31.0,13.0,62.0,25.0,23.0,24.0,22.0,0.0,3.17,20.0,13.0,16.0,19.0,,32.87671232876712,41.935483870967744,92.0,96.0,88.0,0.0,52.0,64.0,76.0
00500012432015,18308.823529411766,2010.0,202.0,4.0,52.0,1.94,11.33,10.98,80.0,30.0,129.0,55.0,,,,,4.04,44.0,41.0,33.0,28.0,1.98019801980198,25.742574257425748,37.5,,,,,74.54545454545455,60.0,50.90909090909091
00500012432015,18308.823529411766,2020.0,171.0,3.0,56.0,1.6,12.43,11.89,85.0,41.0,116.0,56.0,53.0,56.0,53.0,,3.23,46.0,31.0,34.0,43.0,1.7543859649122806,32.748538011695906,48.235294117647065,94.64285714285714,100.0,94.64285714285714,,55.35714285714286,60.71428571428571,76.78571428571429
00500012432025,10818.713450292398,2010.0,40.0,0.0,5.0,1.65,13.0,12.19,17.0,8.0,12.0,13.0,,,,,3.7,10.0,9.0,4.0,4.0,0.0,12.5,47.058823529411754,,,,,69.23076923076923,30.76923076923077,30.76923076923077
00500012432025,10818.713450292398,2020.0,42.0,0.0,9.0,1.47,13.14,12.67,25.0,10.0,29.0,13.0,12.0,12.0,11.0,0.0,3.5,12.0,8.0,7.0,10.0,0.0,21.428571428571427,40.0,92.30769230769229,92.30769230769229,84.61538461538461,0.0,61.53846153846154,53.846153846153854,76.92307692307693
00500012447003,2905000.0,2010.0,119.0,4.0,28.0,2.0,11.67,10.66,49.0,19.0,75.0,31.0,,,,,3.97,27.0,15.0,20.0,17.0,3.361344537815126,23.529411764705877,38.775510204081634,,,,,48.387096774193544,64.51612903225806,54.838709677419345
00500012447003,2905000.0,2020.0,115.0,,36.0,1.79,12.55,12.19,54.0,21.0,87.0,30.0,29.0,29.0,28.0,,3.97,25.0,18.0,19.0,23.0,,31.30434782608696,38.888888888888886,96.66666666666669,96.66666666666669,93.33333333333331,,60.0,63.33333333333333,76.66666666666667
00500012466002,6022.5,2010.0,112.0,4.0,17.0,2.18,11.66,11.26,41.0,12.0,53.0,33.0,,,,,3.89,25.0,12.0,18.0,16.0,3.571428571428571,15.178571428571427,29.268292682926827,,,,,36.36363636363637,54.54545454545454,48.48484848484848
00500012466002,6022.5,2020.0,98.0,4.0,24.0,1.9,12.43,11.79,58.0,29.0,77.0,39.0,35.0,37.0,33.0,0.0,2.8,30.0,17.0,24.0,28.0,4.081632653061225,24.489795918367342,50.0,89.74358974358975,94.87179487179485,84.61538461538461,0.0,43.5897435897436,61.53846153846154,71.7948717948718
00500012466027,13888.888888888889,2010.0,89.0,4.0,25.0,1.84,10.49,10.05,42.0,20.0,60.0,25.0,,,,,3.56,23.0,10.0,14.0,5.0,4.49438202247191,28.089887640449444,47.61904761904761,,,,,40.0,56.00000000000001,20.0
00500012466027,13888.888888888889,2020.0,78.0,,26.0,1.78,11.6,11.1,44.0,23.0,61.0,25.0,21.0,25.0,21.0,0.0,3.71,21.0,11.0,12.0,16.0,,33.33333333333333,52.27272727272727,84.0,100.0,84.0,0.0,44.0,48.0,64.0
00500012678036,8925.64,2010.0,147.0,,37.0,2.16,11.45,10.93,54.0,24.0,98.0,46.0,,,,,3.69,31.0,23.0,24.0,20.0,,25.17006802721089,44.444444444444436,,,,,50.0,52.17391304347826,43.47826086956522
00500012678036,8925.64,2020.0,136.0,8.0,48.0,1.96,12.47,11.53,69.0,33.0,100.0,47.0,41.0,46.0,40.0,4.0,3.32,30.0,25.0,26.0,33.0,5.882352941176469,35.29411764705883,47.82608695652174,87.23404255319151,97.87234042553192,85.1063829787234,8.51063829787234,53.19148936170214,55.319148936170215,70.21276595744679
00500012682006,9090.90909090909,2010.0,0.0,0.0,0.0,0.0,0.0,0.0,0.0,0.0,0.0,0.0,0.0,0.0,0.0,0.0,0.0,0.0,0.0,0.0,0.0,,,,,,,,,,
00500012682006,9090.90909090909,2020.0,1.0,,,,,,,,,0.0,0.0,,,,,,,,,,,,,,,,,,
00500012729007,12000.0,2010.0,212.0,7.0,18.0,1.89,8.68,8.86,76.0,29.0,103.0,45.0,,,,,4.36,26.0,12.0,15.0,9.0,3.30188679245283,8.49056603773585,38.15789473684211,,,,,26.66666666666667,33.33333333333333,20.0
00500012729007,12000.0,2020.0,205.0,10.0,25.0,1.84,9.63,10.08,98.0,35.0,167.0,53.0,49.0,53.0,49.0,3.0,4.18,35.0,12.0,12.0,24.0,4.878048780487805,12.19512195121951,35.714285714285715,92.45283018867924,100.0,92.45283018867924,5.6603773584905674,22.641509433962263,22.641509433962263,45.283018867924525
00500012860001,22656.25,2010.0,2163.0,91.0,187.0,1.8,10.69,10.32,909.0,366.0,1488.0,638.0,,,,,3.68,431.0,273.0,314.0,242.0,4.207119741100324,8.645399907535829,40.264026402640255,,,,,42.789968652037615,49.21630094043887,37.93103448275862
00500012860001,22656.25,2020.0,1917.0,59.0,292.0,1.67,11.02,10.72,1056.0,513.0,1420.0,598.0,545.0,592.0,539.0,25.0,3.52,413.0,222.0,290.0,410.0,3.0777256129368813,15.232133541992695,48.57954545454545,91.1371237458194,98.99665551839465,90.13377926421404,4.180602006688964,37.123745819397996,48.49498327759197,68.56187290969899
00500012875002,28260.869565217392,2010.0,147.0,,50.0,2.01,14.36,13.64,53.0,25.0,117.0,48.0,,,,,3.27,41.0,43.0,38.0,33.0,,34.013605442176875,47.16981132075472,,,,,89.58333333333334,79.16666666666666,68.75
00500012875002,28260.869565217392,2020.0,156.0,,62.0,1.64,14.46,14.18,60.0,31.0,114.0,62.0,52.0,62.0,52.0,6.0,3.0,45.0,46.0,38.0,45.0,,39.74358974358975,51.66666666666667,83.87096774193549,100.0,83.87096774193549,9.677419354838712,74.19354838709677,61.29032258064516,72.5806451612903
00500012875019,3549.8154981549815,2010.0,149.0,0.0,45.0,1.65,13.93,12.85,58.0,30.0,111.0,46.0,,,,,3.24,41.0,40.0,41.0,39.0,0.0,30.2013422818792,51.72413793103448,,,,,86.95652173913044,89.13043478260867,84.78260869565217
00500012875019,3549.8154981549815,2020.0,132.0,,54.0,1.88,14.6,13.76,53.0,20.0,98.0,47.0,43.0,47.0,43.0,,3.07,38.0,38.0,34.0,42.0,,40.90909090909091,37.735849056603776,91.48936170212765,100.0,91.48936170212765,,80.85106382978722,72.3404255319149,89.36170212765957
0050001288A009,3317.9897435897437,2010.0,52.0,,14.0,2.04,12.61,12.19,21.0,11.0,30.0,15.0,,,,,3.71,13.0,10.0,10.0,9.0,,26.923076923076927,52.38095238095239,,,,,66.66666666666666,66.66666666666666,60.0
0050001288A009,3317.9897435897437,2020.0,45.0,,13.0,1.86,12.41,11.6,18.0,11.0,30.0,15.0,14.0,15.0,14.0,0.0,3.21,12.0,8.0,11.0,13.0,,28.88888888888889,61.111111111111114,93.33333333333331,100.0,93.33333333333331,0.0,53.33333333333334,73.33333333333333,86.66666666666669
0050001288A021,3594.4444444444443,2010.0,103.0,3.0,15.0,2.27,12.03,11.72,50.0,22.0,84.0,25.0,,,,,4.29,20.0,13.0,14.0,12.0,2.9126213592233015,14.563106796116505,44.0,,,,,52.0,56.00000000000001,48.0
0050001288A021,3594.4444444444443,2020.0,122.0,,29.0,1.69,11.94,12.27,64.0,29.0,88.0,37.0,33.0,36.0,32.0,0.0,3.7,31.0,20.0,22.0,26.0,,23.770491803278688,45.3125,89.18918918918921,97.2972972972973,86.4864864864865,0.0,54.05405405405406,59.45945945945946,70.27027027027027
00500013093005,13093.333333333334,2010.0,2175.0,89.0,179.0,1.93,9.74,9.69,838.0,307.0,1509.0,576.0,,,,,4.05,356.0,234.0,234.0,171.0,4.0919540229885065,8.229885057471265,36.634844868735094,,,,,40.625,40.625,29.6875
00500013093005,13093.333333333334,2020.0,1172.0,44.0,176.0,1.9,10.36,10.22,551.0,227.0,819.0,320.0,287.0,320.0,287.0,16.0,4.08,201.0,142.0,136.0,211.0,3.7542662116040963,15.017064846416385,41.1978221415608,89.6875,100.0,89.6875,5.0,44.375,42.5,65.9375
0050001313A001,26756.38863756307,2010.0,0.0,0.0,0.0,0.0,0.0,0.0,0.0,0.0,0.0,0.0,0.0,0.0,0.0,0.0,0.0,0.0,0.0,0.0,0.0,,,,,,,,,,
0050001313A001,26756.38863756307,2020.0,0.0,,,,,,,,,2.0,,,,,,,,,,,,,,,,,,,
0050001313A017,27654.028246325488,2010.0,45.0,0.0,4.0,1.15,13.83,13.58,19.0,12.0,35.0,20.0,,,,,2.6,12.0,9.0,12.0,11.0,0.0,8.888888888888891,63.157894736842096,,,,,45.0,60.0,55.00000000000001
0050001313A017,27654.028246325488,2020.0,31.0,,7.0,1.06,15.0,14.72,14.0,9.0,31.0,20.0,13.0,20.0,13.0,4.0,2.38,10.0,10.0,12.0,13.0,,22.58064516129032,64.28571428571429,65.0,100.0,65.0,20.0,50.0,60.0,65.0
0050001313A019,16882.352941176472,2010.0,47.0,,6.0,0.71,14.75,14.8,13.0,5.0,43.0,19.0,,,,,2.94,15.0,8.0,15.0,12.0,,12.76595744680851,38.46153846153847,,,,,42.105263157894726,78.94736842105263,63.157894736842096
0050001313A019,16882.352941176472,2020.0,36.0,0.0,7.0,1.13,15.63,15.38,17.0,7.0,34.0,19.0,16.0,19.0,16.0,,2.25,15.0,6.0,15.0,15.0,0.0,19.44444444444445,41.17647058823529,84.21052631578947,100.0,84.21052631578947,,31.578947368421048,78.94736842105263,78.94736842105263
00500013360018,16847.82608695652,2010.0,85.0,,17.0,1.47,11.31,11.37,46.0,24.0,43.0,29.0,,,,,3.15,20.0,15.0,15.0,9.0,,20.0,52.17391304347826,,,,,51.72413793103448,51.72413793103448,31.03448275862069
00500013360018,16847.82608695652,2020.0,83.0,,17.0,1.24,12.3,11.89,43.0,19.0,66.0,27.0,25.0,26.0,24.0,,3.32,22.0,16.0,18.0,22.0,,20.48192771084337,44.1860465116279,92.5925925925926,96.29629629629628,88.8888888888889,,59.25925925925925,66.66666666666666,81.48148148148148
00500013375003,2051.73,2010.0,201.0,4.0,39.0,1.96,11.05,10.57,91.0,41.0,126.0,51.0,,,,,4.67,38.0,25.0,31.0,24.0,1.9900497512437807,19.402985074626862,45.05494505494506,,,,,49.01960784313725,60.784313725490186,47.058823529411754
00500013375003,2051.73,2020.0,216.0,,44.0,2.07,12.15,11.9,129.0,68.0,175.0,68.0,63.0,68.0,63.0,,3.43,54.0,37.0,44.0,52.0,,20.37037037037037,52.71317829457365,92.64705882352942,100.0,92.64705882352942,,54.41176470588235,64.70588235294117,76.47058823529412
0050001338A029,52912.63440860215,2010.0,539.0,13.0,84.0,1.47,13.91,13.29,286.0,118.0,380.0,182.0,,,,,3.48,135.0,146.0,139.0,133.0,2.411873840445269,15.584415584415586,41.25874125874126,,,,,80.21978021978022,76.37362637362638,73.07692307692307
0050001338A029,52912.63440860215,2020.0,612.0,12.0,158.0,1.6,13.81,13.24,325.0,140.0,467.0,217.0,188.0,206.0,177.0,9.0,3.26,153.0,170.0,161.0,179.0,1.96078431372549,25.816993464052292,43.07692307692307,86.63594470046084,94.93087557603687,81.56682027649771,4.147465437788019,78.3410138248848,74.19354838709677,82.48847926267281
0050001338A030,29755.434782608696,2010.0,55.0,0.0,12.0,1.56,13.08,12.96,23.0,10.0,28.0,15.0,,,,,4.23,12.0,12.0,11.0,9.0,0.0,21.818181818181817,43.47826086956522,,,,,80.0,73.33333333333333,60.0
0050001338A030,29755.434782608696,2020.0,54.0,0.0,22.0,1.67,14.31,13.89,29.0,14.0,47.0,16.0,15.0,16.0,15.0,,3.6,14.0,15.0,12.0,13.0,0.0,40.74074074074074,48.27586206896552,93.75,100.0,93.75,,93.75,75.0,81.25
